query	superkingdom	kingdom	phylum	subphylum	superclass	class	subclass	infraclass	cohort	subcohort	superorder	order	suborder	infraorder	superfamily	family	subfamily	tribe	genus	species
otu_001	Eukaryota	Metazoa	Chordata	Craniata	Actinopterygii	Actinopteri	Neopterygii	Teleostei				Anguilliformes				Chlopsidae			Kaupichthys	Kaupichthys hyoproroides
otu_002	Eukaryota	Metazoa	Chordata	Craniata	Actinopterygii	Actinopteri	Neopterygii	Teleostei	Euteleosteomorpha			Uranoscopiformes				Uranoscopidae			Uranoscopus	Uranoscopus cognatus
otu_003	Eukaryota	Metazoa	Chordata	Craniata	Actinopterygii	Actinopteri	Neopterygii	Teleostei	Euteleosteomorpha			Gadiformes	Macrouroidei			Macrouridae				
otu_004	Eukaryota	Metazoa	Chordata	Craniata	Actinopterygii	Actinopteri	Neopterygii	Teleostei	Euteleosteomorpha			Gobiiformes	Gobioidei			Gobiidae	Gobiinae		Acentrogobius	Acentrogobius pflaumii
otu_005	Eukaryota	Metazoa	Chordata	Craniata	Actinopterygii	Actinopteri	Neopterygii	Teleostei	Otomorpha	Ostariophysi	Cypriniphysae	Cypriniformes	Cyprinoidei			Leuciscidae	Pogonichthyinae			
otu_006																				
otu_007																				
otu_008	Eukaryota	Metazoa	Chordata	Craniata	Actinopterygii	Actinopteri	Neopterygii	Teleostei	Euteleosteomorpha			Perciformes	Scorpaenoidei			Scorpaenidae	Pteroinae		Pterois	
otu_009	Eukaryota	Metazoa	Chordata	Craniata	Actinopterygii	Actinopteri	Neopterygii	Teleostei	Otomorpha	Clupei		Clupeiformes	Denticipitoidei			Denticipitidae			Denticeps	Denticeps clupeoides
otu_010	Eukaryota	Metazoa	Chordata	Craniata	Actinopterygii	Actinopteri	Neopterygii	Teleostei	Euteleosteomorpha			Lutjaniformes				Lutjanidae	Etelinae		Pristipomoides	Pristipomoides multidens
otu_011	Eukaryota	Metazoa	Chordata	Craniata	Actinopterygii	Actinopteri	Neopterygii	Teleostei	Euteleosteomorpha			Syngnathiformes	Syngnathoidei			Syngnathidae	Syngnathinae		Doryichthys	Doryichthys boaja
otu_012	Eukaryota	Metazoa	Chordata	Craniata	Actinopterygii	Actinopteri	Neopterygii	Teleostei	Euteleosteomorpha			Gobiiformes	Eleotroidei			Eleotridae	Eleotrinae		Eleotris	
otu_013																				
otu_014																				
otu_015																				
otu_016																				
otu_017	Eukaryota	Metazoa	Chordata	Craniata	Actinopterygii	Actinopteri	Neopterygii	Teleostei	Otomorpha	Clupei		Clupeiformes	Clupeoidei			Engraulidae	Engraulinae		Stolephorus	
otu_018																				
otu_019	Eukaryota	Metazoa	Chordata	Craniata	Actinopterygii	Actinopteri	Neopterygii	Teleostei	Euteleosteomorpha			Myctophiformes				Myctophidae			Triphoturus	Triphoturus mexicanus
otu_020	Eukaryota	Metazoa	Chordata	Craniata	Actinopterygii	Actinopteri	Neopterygii	Teleostei	Otomorpha	Ostariophysi	Characiphysae	Characiformes	Characoidei			Bryconidae	Salmininae		Salminus	
otu_021																				
otu_022	Eukaryota	Metazoa	Chordata	Craniata	Actinopterygii	Actinopteri	Neopterygii	Teleostei	Otomorpha	Ostariophysi	Characiphysae	Characiformes	Characoidei			Erythrinidae			Hoplias	
otu_023																				
otu_024	Eukaryota	Metazoa	Chordata	Craniata	Actinopterygii	Actinopteri	Neopterygii	Teleostei				Osteoglossiformes				Mormyridae				
otu_025	Eukaryota	Metazoa	Chordata	Craniata	Actinopterygii	Actinopteri	Neopterygii	Teleostei	Euteleosteomorpha		Atherinomorphae	Cyprinodontiformes	Cyprinodontoidei			Poeciliidae	Poeciliinae		Poecilia	
otu_026																				
otu_027	Eukaryota	Metazoa	Chordata	Craniata	Actinopterygii	Actinopteri	Neopterygii	Teleostei	Euteleosteomorpha							Malacanthidae	Latilinae		Branchiostegus	
otu_028	Eukaryota	Metazoa	Chordata	Craniata	Actinopterygii	Actinopteri	Neopterygii	Holostei				Amiiformes				Amiidae			Amia	Amia calva
otu_029	Eukaryota	Metazoa	Chordata	Craniata	Actinopterygii	Actinopteri	Neopterygii	Teleostei	Euteleosteomorpha			Syngnathiformes	Callionymoidei			Callionymidae				
otu_030																				
otu_031																				
otu_032	Eukaryota	Metazoa	Chordata	Craniata	Actinopterygii	Actinopteri	Neopterygii	Teleostei	Euteleosteomorpha			Scombriformes				Bramidae			Eumegistus	Eumegistus illustris
otu_033																				
otu_034	Eukaryota	Metazoa	Chordata	Craniata	Actinopterygii	Actinopteri	Neopterygii	Teleostei	Otomorpha	Ostariophysi	Cypriniphysae	Cypriniformes	Cyprinoidei			Cyprinidae	Labeoninae	Garrini	Tariqilabeo	
otu_035	Eukaryota	Metazoa	Chordata	Craniata	Actinopterygii	Actinopteri	Neopterygii	Teleostei	Euteleosteomorpha			Gobiiformes	Gobioidei			Odontobutidae			Odontobutis	Odontobutis platycephala
otu_036	Eukaryota	Metazoa	Chordata	Craniata	Actinopterygii	Actinopteri	Neopterygii	Teleostei	Otomorpha	Ostariophysi	Characiphysae	Siluriformes	Siluroidei			Sisoridae	Glyptosterninae			
otu_037	Eukaryota	Metazoa	Chordata	Craniata	Actinopterygii	Actinopteri	Neopterygii	Teleostei	Euteleosteomorpha			Gobiiformes	Gobioidei			Gobiidae	Gobiinae		Acentrogobius	Acentrogobius caninus
otu_038	Eukaryota	Metazoa	Chordata	Craniata	Actinopterygii	Actinopteri	Neopterygii	Teleostei	Otomorpha	Clupei		Clupeiformes	Clupeoidei			Clupeidae	Spratelloidinae		Spratelloides	Spratelloides delicatulus
otu_039																				
otu_040	Eukaryota	Metazoa	Chordata	Craniata	Actinopterygii	Actinopteri	Neopterygii	Teleostei	Euteleosteomorpha			Scombriformes				Trichiuridae	Aphanopodinae		Benthodesmus	Benthodesmus tenuis
otu_041	Eukaryota	Metazoa	Chordata	Craniata	Actinopterygii	Actinopteri	Neopterygii	Teleostei	Euteleosteomorpha			Pleuronectiformes	Pleuronectoidei			Bothidae			Bothus	Bothus pantherinus
otu_042	Eukaryota	Metazoa	Chordata	Craniata	Actinopterygii	Actinopteri	Neopterygii	Teleostei	Euteleosteomorpha			Perciformes	Notothenioidei			Bovichtidae			Bovichtus	
otu_043																				
otu_044																				
otu_045	Eukaryota	Metazoa	Chordata	Craniata	Actinopterygii	Actinopteri	Neopterygii	Teleostei	Euteleosteomorpha			Perciformes	Cottioidei	Cottales		Cottidae			Cottiusculus	
otu_046																				
otu_047	Eukaryota	Metazoa	Chordata	Craniata	Actinopterygii	Actinopteri	Neopterygii	Teleostei	Euteleosteomorpha			Beryciformes				Melamphaidae			Poromitra	Poromitra oscitans
otu_048																				
otu_049	Eukaryota	Metazoa	Chordata	Craniata	Actinopterygii	Actinopteri	Neopterygii	Teleostei	Otomorpha	Clupei		Clupeiformes	Clupeoidei			Engraulidae	Coilinae		Coilia	
otu_050	Eukaryota	Metazoa	Chordata	Craniata	Actinopterygii	Actinopteri	Neopterygii	Teleostei	Euteleosteomorpha			Syngnathiformes	Mulloidea			Mullidae			Parupeneus	Parupeneus chrysopleuron
otu_051																				
otu_052	Eukaryota	Metazoa	Chordata	Craniata	Actinopterygii	Actinopteri	Neopterygii	Teleostei	Euteleosteomorpha			Scombriformes				Centrolophidae				
otu_053	Eukaryota	Metazoa	Chordata	Craniata	Actinopterygii	Actinopteri	Neopterygii	Teleostei	Euteleosteomorpha			Perciformes	Serranoidei			Serranidae	Epinephelinae	Epinephelini	Variola	Variola albimarginata
otu_054	Eukaryota	Metazoa	Chordata	Craniata	Actinopterygii	Actinopteri	Neopterygii	Teleostei	Euteleosteomorpha			Gadiformes	Macrouroidei			Macrouridae	Macrourinae		Coelorinchus	Coelorinchus kishinouyei
otu_055	Eukaryota	Metazoa	Chordata	Craniata	Actinopterygii	Actinopteri	Neopterygii	Teleostei	Euteleosteomorpha			Centrarchiformes			Centrarchoidei	Sinipercidae			Coreoperca	Coreoperca kawamebari
otu_056	Eukaryota	Metazoa	Chordata	Craniata	Actinopterygii	Actinopteri	Neopterygii	Teleostei	Euteleosteomorpha			Pleuronectiformes	Pleuronectoidei			Cynoglossidae	Cynoglossinae		Cynoglossus	
otu_057	Eukaryota	Metazoa	Chordata	Craniata	Actinopterygii	Actinopteri	Neopterygii	Teleostei	Euteleosteomorpha							Plesiopidae	Plesiopinae		Plesiops	
otu_058	Eukaryota	Metazoa	Chordata	Craniata	Actinopterygii	Actinopteri	Neopterygii	Teleostei	Euteleosteomorpha			Perciformes	Notothenioidei			Nototheniidae			Pagothenia	Pagothenia borchgrevinki
otu_059	Eukaryota	Metazoa	Chordata	Craniata	Actinopterygii	Actinopteri	Neopterygii	Teleostei				Notacanthiformes				Halosauridae			Aldrovandia	
otu_060	Eukaryota	Metazoa	Chordata	Craniata	Actinopterygii	Actinopteri	Neopterygii	Teleostei	Otomorpha	Clupei		Clupeiformes	Clupeoidei			Engraulidae	Engraulinae		Stolephorus	Stolephorus commersonnii
otu_061	Eukaryota	Metazoa	Chordata	Craniata	Actinopterygii	Actinopteri	Neopterygii	Teleostei	Euteleosteomorpha											
otu_062	Eukaryota	Metazoa	Chordata	Craniata	Actinopterygii	Actinopteri	Neopterygii	Teleostei	Otomorpha	Ostariophysi	Cypriniphysae	Cypriniformes	Cyprinoidei			Acheilognathidae				
otu_063	Eukaryota	Metazoa	Chordata	Craniata	Actinopterygii	Actinopteri	Neopterygii	Teleostei	Euteleosteomorpha			Tetraodontiformes			Triacanthodoidei	Triacanthodidae			Macrorhamphosodes	Macrorhamphosodes uradoi
otu_064	Eukaryota	Metazoa	Chordata	Craniata	Actinopterygii	Actinopteri	Neopterygii	Teleostei	Euteleosteomorpha			Tetraodontiformes	Tetraodontoidei		Tetradontoidea	Tetraodontidae			Canthigaster	
otu_065	Eukaryota	Metazoa	Chordata	Craniata	Actinopterygii	Actinopteri	Neopterygii	Teleostei	Euteleosteomorpha			Gobiiformes	Gobioidei			Gobiidae	Gobionellinae		Schismatogobius	Schismatogobius ampluvinculus
otu_066																				
otu_067	Eukaryota	Metazoa	Chordata	Craniata	Actinopterygii	Actinopteri	Neopterygii	Teleostei	Euteleosteomorpha			Synbranchiformes	Synbranchoidei			Synbranchidae			Monopterus	Monopterus albus
otu_068	Eukaryota	Metazoa	Chordata	Craniata	Actinopterygii	Actinopteri	Neopterygii	Teleostei	Otomorpha	Ostariophysi	Characiphysae	Siluriformes	Siluroidei			Pimelodidae			Pimelodus	Pimelodus pictus
otu_069	Eukaryota	Metazoa	Chordata	Craniata	Actinopterygii	Actinopteri	Neopterygii	Teleostei	Euteleosteomorpha			Tetraodontiformes	Tetraodontoidei			Diodontidae			Chilomycterus	Chilomycterus reticulatus
otu_070	Eukaryota	Metazoa	Chordata	Craniata	Actinopterygii	Actinopteri	Neopterygii	Teleostei	Euteleosteomorpha							Polynemidae			Polydactylus	Polydactylus sextarius
otu_071	Eukaryota	Metazoa	Chordata	Craniata	Actinopterygii	Actinopteri	Neopterygii	Teleostei	Euteleosteomorpha			Gobiiformes	Trichonotoidei			Trichonotidae			Trichonotus	Trichonotus elegans
otu_072																				
otu_073	Eukaryota	Metazoa	Chordata	Craniata	Actinopterygii	Actinopteri	Neopterygii	Teleostei	Euteleosteomorpha			Acropomatiformes				Bathyclupeidae			Bathyclupea	
otu_074	Eukaryota	Metazoa	Chordata	Craniata	Actinopterygii	Actinopteri	Neopterygii	Teleostei	Otomorpha	Ostariophysi	Cypriniphysae	Cypriniformes	Cyprinoidei			Acheilognathidae			Rhodeus	
otu_075																				
otu_076	Eukaryota	Metazoa	Chordata	Craniata	Actinopterygii	Actinopteri	Neopterygii	Teleostei	Euteleosteomorpha			Carangiformes				Carangidae			Seriola	Seriola quinqueradiata
otu_077	Eukaryota	Metazoa	Chordata	Craniata	Actinopterygii	Actinopteri	Neopterygii	Teleostei	Euteleosteomorpha		Atherinomorphae	Cyprinodontiformes	Cyprinodontoidei			Cyprinodontidae	Cyprinodontinae	Cyprinodontini	Cyprinodon	
otu_078	Eukaryota	Metazoa	Chordata	Craniata	Actinopterygii	Actinopteri	Neopterygii	Teleostei	Otomorpha	Ostariophysi	Cypriniphysae	Cypriniformes	Cyprinoidei			Cyprinidae				
otu_079	Eukaryota	Metazoa	Chordata	Craniata	Actinopterygii	Actinopteri	Neopterygii	Teleostei	Euteleosteomorpha		Atherinomorphae	Beloniformes	Adrianichthyoidei			Adrianichthyidae	Oryziinae		Oryzias	Oryzias javanicus
otu_080	Eukaryota	Metazoa	Chordata	Craniata	Actinopterygii	Actinopteri	Neopterygii	Teleostei	Otomorpha	Ostariophysi	Characiphysae	Characiformes	Characoidei			Bryconidae	Bryconinae		Brycon	
otu_081	Eukaryota	Metazoa	Chordata	Craniata	Actinopterygii	Actinopteri	Neopterygii	Teleostei	Euteleosteomorpha			Perciformes	Cottioidei	Gasterosteales		Aulorhynchidae			Aulorhynchus	Aulorhynchus flavidus
otu_082																				
otu_083	Eukaryota	Metazoa	Chordata	Craniata	Actinopterygii	Actinopteri	Neopterygii	Teleostei	Euteleosteomorpha			Pleuronectiformes	Pleuronectoidei			Samaridae			Samariscus	Samariscus latus
otu_084																				
otu_085																				
otu_086																				
otu_087	Eukaryota	Metazoa	Chordata	Craniata	Actinopterygii	Actinopteri	Neopterygii	Teleostei	Euteleosteomorpha			Priacanthiformes				Cepolidae			Acanthocepola	Acanthocepola krusensternii
otu_088																				
otu_089	Eukaryota	Metazoa	Chordata	Craniata	Actinopterygii	Actinopteri	Neopterygii	Teleostei	Euteleosteomorpha			Pleuronectiformes	Pleuronectoidei			Bothidae			Chascanopsetta	
otu_090	Eukaryota	Metazoa	Chordata	Craniata	Actinopterygii	Actinopteri	Neopterygii	Teleostei	Euteleosteomorpha			Pleuronectiformes	Pleuronectoidei			Soleidae			Zebrias	
otu_091	Eukaryota	Metazoa	Chordata	Craniata	Actinopterygii	Actinopteri	Neopterygii	Teleostei	Euteleosteomorpha			Gobiiformes	Gobioidei			Gobiidae	Amblyopinae			
otu_092	Eukaryota	Metazoa	Chordata	Craniata	Actinopterygii	Actinopteri	Neopterygii	Teleostei	Otomorpha	Ostariophysi	Characiphysae	Characiformes	Characoidei			Anostomidae			Megaleporinus	
otu_093	Eukaryota	Metazoa	Chordata	Craniata	Actinopterygii	Actinopteri	Neopterygii	Teleostei	Euteleosteomorpha			Ephippiformes				Ephippidae			Platax	
otu_094	Eukaryota	Metazoa	Chordata	Craniata	Actinopterygii	Actinopteri	Neopterygii	Teleostei	Euteleosteomorpha			Mugiliformes				Mugilidae			Mugil	Mugil cephalus
otu_095	Eukaryota	Metazoa	Chordata	Craniata	Actinopterygii	Actinopteri	Neopterygii	Teleostei	Euteleosteomorpha							Pomacanthidae			Genicanthus	
otu_096																				
otu_097	Eukaryota	Metazoa	Chordata	Craniata	Actinopterygii	Actinopteri	Neopterygii	Teleostei	Euteleosteomorpha			Perciformes	Notothenioidei			Bathydraconidae			Parachaenichthys	Parachaenichthys charcoti
otu_098																				
otu_099	Eukaryota	Metazoa	Chordata	Craniata	Actinopterygii	Actinopteri	Neopterygii	Teleostei	Euteleosteomorpha			Tetraodontiformes			Balistoidea	Monacanthidae			Pervagor	Pervagor janthinosoma
otu_100																				
otu_101																				
otu_102	Eukaryota	Metazoa	Chordata	Craniata	Actinopterygii	Actinopteri	Neopterygii	Teleostei	Euteleosteomorpha			Perciformes	Scorpaenoidei			Sebastidae	Sebastinae		Helicolenus	
otu_103	Eukaryota	Metazoa	Chordata	Craniata	Actinopterygii	Actinopteri	Neopterygii	Teleostei	Euteleosteomorpha			Acropomatiformes				Pempheridae			Pempheris	Pempheris schwenkii
otu_104	Eukaryota	Metazoa	Chordata	Craniata	Actinopterygii	Actinopteri	Neopterygii	Teleostei	Euteleosteomorpha							Embiotocidae			Embiotoca	Embiotoca jacksoni
otu_105	Eukaryota	Metazoa	Chordata	Craniata	Actinopterygii	Actinopteri	Neopterygii	Teleostei	Euteleosteomorpha			Acropomatiformes				Lateolabracidae			Lateolabrax	Lateolabrax latus
otu_106	Eukaryota	Metazoa	Chordata	Craniata	Actinopterygii	Actinopteri	Neopterygii	Teleostei	Euteleosteomorpha			Esociformes				Umbridae			Umbra	
otu_107	Eukaryota	Metazoa	Chordata	Craniata	Actinopterygii	Actinopteri	Neopterygii	Teleostei	Euteleosteomorpha			Acropomatiformes				Acropomatidae			Doederleinia	Doederleinia berycoides
otu_108																				
otu_109	Eukaryota	Metazoa	Chordata	Craniata	Actinopterygii	Actinopteri	Neopterygii	Teleostei	Euteleosteomorpha			Pleuronectiformes	Pleuronectoidei			Cynoglossidae	Cynoglossinae		Cynoglossus	Cynoglossus abbreviatus
otu_110	Eukaryota	Metazoa	Chordata	Craniata	Actinopterygii	Actinopteri	Neopterygii	Teleostei	Euteleosteomorpha			Centrarchiformes			Centrarchoidei	Elassomatidae			Elassoma	
otu_111																				
otu_112	Eukaryota	Metazoa	Chordata	Craniata	Actinopterygii	Actinopteri	Neopterygii	Teleostei	Euteleosteomorpha			Spariformes				Lethrinidae	Lethrininae		Lethrinus	
otu_113	Eukaryota	Metazoa	Chordata	Craniata	Actinopterygii	Actinopteri	Neopterygii	Teleostei	Euteleosteomorpha			Blenniiformes	Blennioidei			Blenniidae	Salariinae		Ecsenius	
otu_114																				
otu_115	Eukaryota	Metazoa	Chordata	Craniata	Actinopterygii	Actinopteri	Neopterygii	Teleostei	Otomorpha	Clupei		Clupeiformes	Clupeoidei			Clupeidae	Clupeinae		Escualosa	Escualosa thoracata
otu_116	Eukaryota	Metazoa	Chordata	Craniata	Actinopterygii	Actinopteri	Neopterygii	Teleostei	Euteleosteomorpha			Lophiiformes	Ceratioidei			Gigantactinidae			Gigantactis	
otu_117	Eukaryota	Metazoa	Chordata	Craniata	Actinopterygii	Actinopteri	Neopterygii	Teleostei	Euteleosteomorpha			Gobiiformes	Gobioidei			Gobiidae	Gobiinae			
otu_118	Eukaryota	Metazoa	Chordata	Craniata	Actinopterygii	Actinopteri	Neopterygii	Teleostei	Euteleosteomorpha			Acanthuriformes				Zanclidae			Zanclus	Zanclus cornutus
otu_119	Eukaryota	Metazoa	Chordata	Craniata	Actinopterygii	Actinopteri	Neopterygii	Teleostei	Otomorpha	Ostariophysi		Gonorynchiformes	Chanoidei			Chanidae			Chanos	Chanos chanos
otu_120	Eukaryota	Metazoa	Chordata	Craniata	Actinopterygii	Actinopteri	Neopterygii	Teleostei	Euteleosteomorpha			Priacanthiformes				Priacanthidae			Priacanthus	
otu_121	Eukaryota	Metazoa	Chordata	Craniata	Actinopterygii	Actinopteri	Neopterygii	Teleostei	Euteleosteomorpha			Zeiformes				Zeidae			Zeus	Zeus faber
otu_122																				
otu_123																				
otu_124																				
otu_125	Eukaryota	Metazoa	Chordata	Craniata	Actinopterygii	Actinopteri	Neopterygii	Teleostei	Euteleosteomorpha			Syngnathiformes	Syngnathoidei			Syngnathidae	Hippocampinae		Hippocampus	Hippocampus mohnikei
otu_126																				
otu_127																				
otu_128																				
otu_129	Eukaryota	Metazoa	Chordata	Craniata	Actinopterygii	Actinopteri	Neopterygii	Teleostei	Euteleosteomorpha			Tetraodontiformes			Ostracioidei	Ostraciidae			Lactoria	Lactoria diaphana
otu_130	Eukaryota	Metazoa	Chordata	Craniata	Actinopterygii	Actinopteri	Neopterygii	Teleostei				Anguilliformes				Congridae	Bathymyrinae		Ariosoma	
otu_131	Eukaryota	Metazoa	Chordata	Craniata	Actinopterygii	Actinopteri	Neopterygii	Teleostei	Euteleosteomorpha							Callanthiidae			Callanthias	Callanthias japonicus
otu_132	Eukaryota	Metazoa	Chordata	Craniata	Actinopterygii	Actinopteri	Neopterygii	Teleostei				Notacanthiformes				Notacanthidae			Polyacanthonotus	Polyacanthonotus rissoanus
otu_133																				
otu_134	Eukaryota	Metazoa	Chordata	Craniata	Actinopterygii	Actinopteri	Neopterygii	Teleostei	Euteleosteomorpha											
otu_135	Eukaryota	Metazoa	Chordata	Craniata	Actinopterygii	Actinopteri	Neopterygii	Teleostei	Otomorpha	Clupei		Clupeiformes	Clupeoidei			Clupeidae	Clupeinae		Harengula	Harengula jaguana
otu_136	Eukaryota	Metazoa	Chordata	Craniata	Actinopterygii	Actinopteri	Neopterygii	Teleostei	Euteleosteomorpha			Gobiiformes	Gobioidei			Gobiidae	Gobionellinae		Brachygobius	Brachygobius doriae
otu_137																				
otu_138																				
otu_139																				
otu_140	Eukaryota	Metazoa	Chordata	Craniata	Actinopterygii	Actinopteri	Neopterygii	Teleostei												
otu_141	Eukaryota	Metazoa	Chordata	Craniata	Actinopterygii	Actinopteri	Neopterygii	Teleostei	Otomorpha	Ostariophysi	Cypriniphysae	Cypriniformes	Cobitoidei			Cobitidae	Cobitinae			
otu_142	Eukaryota	Metazoa	Chordata	Craniata	Actinopterygii	Actinopteri	Neopterygii	Teleostei	Otomorpha	Ostariophysi	Cypriniphysae	Cypriniformes	Cobitoidei			Cobitidae	Cobitinae			
otu_143	Eukaryota	Metazoa	Chordata	Craniata	Actinopterygii	Actinopteri	Neopterygii	Teleostei	Euteleosteomorpha							Ambassidae			Ambassis	
otu_144																				
otu_145																				
otu_146	Eukaryota	Metazoa	Chordata	Craniata	Actinopterygii	Actinopteri	Neopterygii	Teleostei	Euteleosteomorpha			Gobiiformes	Gobioidei			Gobiidae	Amblyopinae		Trypauchen	Trypauchen vagina
otu_147	Eukaryota	Metazoa	Chordata	Craniata	Actinopterygii	Actinopteri	Neopterygii	Teleostei	Euteleosteomorpha			Anabantiformes	Channoidei			Channidae			Channa	
otu_148	Eukaryota	Metazoa	Chordata	Craniata	Actinopterygii	Actinopteri	Neopterygii	Teleostei	Otomorpha	Ostariophysi	Cypriniphysae	Cypriniformes	Cyprinoidei			Gobionidae	Gobioninae		Microphysogobio	
otu_149	Eukaryota	Metazoa	Chordata	Craniata	Actinopterygii	Actinopteri	Neopterygii	Teleostei	Euteleosteomorpha			Gerreiformes				Gerreidae			Gerres	
otu_150	Eukaryota	Metazoa	Chordata	Craniata	Actinopterygii	Actinopteri	Neopterygii	Teleostei				Osteoglossiformes								
otu_151	Eukaryota	Metazoa	Chordata	Craniata	Actinopterygii	Actinopteri	Neopterygii	Teleostei	Euteleosteomorpha			Spariformes				Nemipteridae			Nemipterus	Nemipterus bathybius
otu_152	Eukaryota	Metazoa	Chordata	Craniata	Actinopterygii	Actinopteri	Neopterygii	Teleostei	Euteleosteomorpha			Stomiiformes				Diplophidae			Diplophos	Diplophos taenia
otu_153	Eukaryota	Metazoa	Chordata	Craniata	Actinopterygii	Actinopteri	Neopterygii	Teleostei	Euteleosteomorpha			Carangiformes				Echeneidae			Echeneis	
otu_154	Eukaryota	Metazoa	Chordata	Craniata	Actinopterygii	Actinopteri	Neopterygii	Teleostei	Euteleosteomorpha			Lophiiformes	Ceratioidei			Diceratiidae				
otu_155	Eukaryota	Metazoa	Chordata	Craniata	Actinopterygii	Actinopteri	Neopterygii	Teleostei	Euteleosteomorpha			Labriformes				Labridae			Halichoeres	Halichoeres melanurus
otu_156																				
otu_157	Eukaryota	Metazoa	Chordata	Craniata	Actinopterygii	Actinopteri	Neopterygii	Teleostei				Anguilliformes				Muraenidae	Muraeninae		Gymnomuraena	Gymnomuraena zebra
otu_158																				
otu_159	Eukaryota	Metazoa	Chordata	Craniata	Actinopterygii	Actinopteri	Neopterygii	Teleostei	Euteleosteomorpha			Centrarchiformes			Terapontoidei	Girellidae			Girella	Girella punctata
otu_160																				
otu_161																				
otu_162	Eukaryota	Metazoa	Chordata	Craniata	Actinopterygii	Actinopteri	Neopterygii	Teleostei				Osteoglossiformes				Osteoglossidae			Scleropages	Scleropages formosus
otu_163																				
otu_164																				
otu_165	Eukaryota	Metazoa	Chordata	Craniata	Actinopterygii	Actinopteri	Neopterygii	Teleostei	Euteleosteomorpha			Pleuronectiformes	Pleuronectoidei			Soleidae			Heteromycteris	Heteromycteris japonicus
otu_166	Eukaryota	Metazoa	Chordata	Craniata	Actinopterygii	Actinopteri	Neopterygii	Teleostei	Otomorpha	Ostariophysi	Cypriniphysae	Cypriniformes	Cobitoidei			Botiidae			Leptobotia	
otu_167	Eukaryota	Metazoa	Chordata	Craniata	Actinopterygii	Actinopteri	Neopterygii	Teleostei	Euteleosteomorpha			Gadiformes	Gadoidei			Gadidae			Eleginus	Eleginus gracilis
otu_168	Eukaryota	Metazoa	Chordata	Craniata	Actinopterygii	Actinopteri	Neopterygii	Teleostei				Anguilliformes				Moringuidae			Moringua	Moringua edwardsi
otu_169	Eukaryota	Metazoa	Chordata	Craniata	Actinopterygii	Actinopteri	Neopterygii	Teleostei	Euteleosteomorpha		Atherinomorphae	Beloniformes	Adrianichthyoidei			Adrianichthyidae	Oryziinae		Oryzias	
otu_170																				
otu_171	Eukaryota	Metazoa	Chordata	Craniata	Actinopterygii	Actinopteri	Neopterygii	Teleostei	Euteleosteomorpha			Syngnathiformes	Syngnathoidei			Syngnathidae	Syngnathinae		Phycodurus	Phycodurus eques
otu_172																				
otu_173	Eukaryota	Metazoa	Chordata	Craniata	Actinopterygii	Actinopteri	Neopterygii	Teleostei	Otomorpha	Ostariophysi	Cypriniphysae	Cypriniformes	Cyprinoidei			Cyprinidae	Acrossocheilinae		Onychostoma	
otu_174	Eukaryota	Metazoa	Chordata	Craniata	Actinopterygii	Actinopteri	Neopterygii	Teleostei	Euteleosteomorpha			Gobiiformes	Gobioidei			Gobiidae	Gobionellinae		Luciogobius	Luciogobius elongatus
otu_175	Eukaryota	Metazoa	Chordata	Craniata	Actinopterygii	Actinopteri	Neopterygii	Teleostei	Euteleosteomorpha			Mugiliformes				Mugilidae			Crenimugil	
otu_176	Eukaryota	Metazoa	Chordata	Craniata	Actinopterygii	Actinopteri	Neopterygii	Teleostei	Euteleosteomorpha			Pleuronectiformes	Pleuronectoidei			Bothidae			Crossorhombus	Crossorhombus kobensis
otu_177																				
otu_178	Eukaryota	Metazoa	Chordata	Craniata	Actinopterygii	Actinopteri	Neopterygii	Teleostei	Euteleosteomorpha			Tetraodontiformes			Balistoidea	Monacanthidae			Stephanolepis	Stephanolepis cirrhifer
otu_179	Eukaryota	Metazoa	Chordata	Craniata	Actinopterygii	Actinopteri	Neopterygii	Teleostei	Euteleosteomorpha			Pleuronectiformes	Pleuronectoidei			Cyclopsettidae			Cyclopsetta	
otu_180	Eukaryota	Metazoa	Chordata	Craniata	Actinopterygii	Actinopteri	Neopterygii	Teleostei	Euteleosteomorpha			Syngnathiformes				Fistulariidae			Fistularia	Fistularia commersonii
otu_181	Eukaryota	Metazoa	Chordata	Craniata	Actinopterygii	Actinopteri	Neopterygii	Teleostei	Euteleosteomorpha			Spariformes				Nemipteridae			Scolopsis	Scolopsis vosmeri
otu_182	Eukaryota	Metazoa	Chordata	Craniata	Actinopterygii	Actinopteri	Neopterygii	Teleostei	Otomorpha	Clupei		Clupeiformes	Clupeoidei			Clupeidae	Alosinae		Alosa	
otu_183	Eukaryota	Metazoa	Chordata	Craniata	Actinopterygii	Actinopteri	Neopterygii	Teleostei	Euteleosteomorpha		Cichlomorphae	Cichliformes				Cichlidae	Pseudocrenilabrinae	Oreochromini		
otu_184																				
otu_185	Eukaryota	Metazoa	Chordata	Craniata	Actinopterygii	Actinopteri	Neopterygii	Teleostei	Euteleosteomorpha			Labriformes				Labridae			Bodianus	Bodianus oxycephalus
otu_186	Eukaryota	Metazoa	Chordata	Craniata	Actinopterygii	Actinopteri	Neopterygii	Teleostei	Euteleosteomorpha			Perciformes	Cottioidei	Zoarcales		Anarhichadidae			Anarhichas	
otu_187	Eukaryota	Metazoa	Chordata	Craniata	Actinopterygii	Actinopteri	Neopterygii	Teleostei	Euteleosteomorpha			Centrarchiformes			Percichthyoidei	Percichthyidae			Nannoperca	Nannoperca obscura
otu_188	Eukaryota	Metazoa	Chordata	Craniata	Actinopterygii	Actinopteri	Neopterygii	Teleostei	Euteleosteomorpha			Syngnathiformes	Syngnathoidei			Syngnathidae	Syngnathinae		Doryrhamphus	Doryrhamphus japonicus
otu_189	Eukaryota	Metazoa	Chordata	Craniata	Actinopterygii	Actinopteri	Neopterygii	Teleostei	Euteleosteomorpha			Acanthuriformes				Acanthuridae	Acanthurinae			
otu_190																				
otu_191	Eukaryota	Metazoa	Chordata	Craniata	Actinopterygii	Actinopteri	Neopterygii	Teleostei	Euteleosteomorpha			Anabantiformes	Channoidei			Channidae			Channa	
otu_192	Eukaryota	Metazoa	Chordata	Craniata	Actinopterygii	Actinopteri	Neopterygii	Teleostei	Euteleosteomorpha			Perciformes	Notothenioidei			Channichthyidae			Champsocephalus	
otu_193																				
otu_194	Eukaryota	Metazoa	Chordata	Craniata	Actinopterygii	Actinopteri	Neopterygii	Teleostei	Euteleosteomorpha		Atherinomorphae	Cyprinodontiformes	Cyprinodontoidei			Cyprinodontidae	Cyprinodontinae	Orestiniini	Orestias	
otu_195	Eukaryota	Metazoa	Chordata	Craniata	Actinopterygii	Actinopteri	Neopterygii	Teleostei	Euteleosteomorpha			Gobiiformes	Gobioidei			Gobiidae	Gobionellinae		Amblychaeturichthys	Amblychaeturichthys hexanema
otu_196	Eukaryota	Metazoa	Chordata	Craniata	Actinopterygii	Actinopteri	Neopterygii	Teleostei	Euteleosteomorpha			Chaetodontiformes				Chaetodontidae			Heniochus	
otu_197																				
otu_198	Eukaryota	Metazoa	Chordata	Craniata	Actinopterygii	Actinopteri	Neopterygii	Teleostei	Euteleosteomorpha			Pleuronectiformes	Pleuronectoidei			Cynoglossidae	Cynoglossinae		Cynoglossus	Cynoglossus quadrilineatus
otu_199	Eukaryota	Metazoa	Chordata	Craniata	Actinopterygii	Actinopteri	Neopterygii	Teleostei	Euteleosteomorpha			Gobiiformes	Gobioidei			Gobiidae	Gobionellinae		Eucyclogobius	Eucyclogobius newberryi
otu_200	Eukaryota	Metazoa	Chordata	Craniata	Actinopterygii	Actinopteri	Neopterygii	Teleostei	Euteleosteomorpha			Stomiiformes				Stomiidae	Chauliodontinae		Chauliodus	Chauliodus sloani
otu_201																				
otu_202	Eukaryota	Metazoa	Chordata	Craniata	Actinopterygii	Actinopteri	Neopterygii	Teleostei	Euteleosteomorpha			Lophiiformes	Ceratioidei			Linophrynidae				
otu_203	Eukaryota	Metazoa	Chordata	Craniata	Actinopterygii	Actinopteri	Neopterygii	Teleostei	Euteleosteomorpha			Perciformes	Platycephaloidei			Platycephalidae				
otu_204																				
otu_205	Eukaryota	Metazoa	Chordata	Craniata	Actinopterygii	Actinopteri	Neopterygii	Teleostei	Euteleosteomorpha			Aulopiformes	Aulopoidei			Aulopidae			Hime	
otu_206	Eukaryota	Metazoa	Chordata	Craniata	Actinopterygii	Actinopteri	Neopterygii	Teleostei	Euteleosteomorpha											
otu_207	Eukaryota	Metazoa	Chordata	Craniata	Actinopterygii	Actinopteri	Neopterygii	Teleostei	Euteleosteomorpha			Gobiiformes	Gobioidei			Gobiidae	Gobionellinae		Tridentiger	
otu_208	Eukaryota	Metazoa	Chordata	Craniata	Actinopterygii	Actinopteri	Neopterygii	Teleostei				Anguilliformes				Muraenidae	Muraeninae		Gymnothorax	Gymnothorax niphostigmus
otu_209	Eukaryota	Metazoa	Chordata	Craniata	Actinopterygii	Actinopteri	Neopterygii	Teleostei	Otomorpha	Ostariophysi	Characiphysae	Characiformes	Citharinoidei			Citharinidae	Citharininae		Citharinus	
otu_210	Eukaryota	Metazoa	Chordata	Craniata	Actinopterygii	Actinopteri	Neopterygii	Teleostei	Euteleosteomorpha			Pleuronectiformes	Pleuronectoidei			Paralichthyidae			Pseudorhombus	
otu_211	Eukaryota	Metazoa	Chordata	Craniata	Actinopterygii	Actinopteri	Neopterygii	Teleostei	Euteleosteomorpha		Atherinomorphae	Atheriniformes				Bedotiidae			Bedotia	Bedotia geayi
otu_212	Eukaryota	Metazoa	Chordata	Craniata	Actinopterygii	Actinopteri	Neopterygii	Teleostei	Euteleosteomorpha			Myctophiformes				Myctophidae			Electrona	
otu_213																				
otu_214																				
otu_215	Eukaryota	Metazoa	Chordata	Craniata	Actinopterygii	Actinopteri	Neopterygii	Teleostei	Euteleosteomorpha			Scombriformes				Trichiuridae	Trichiurinae		Trichiurus	
otu_216	Eukaryota	Metazoa	Chordata	Craniata	Actinopterygii	Actinopteri	Neopterygii	Teleostei	Otomorpha	Ostariophysi	Cypriniphysae	Cypriniformes	Cobitoidei			Nemacheilidae				
otu_217																				
otu_218																				
otu_219	Eukaryota	Metazoa	Chordata	Craniata	Actinopterygii	Actinopteri	Neopterygii	Teleostei	Euteleosteomorpha			Anabantiformes	Anabantoidei			Helostomatidae			Helostoma	Helostoma temminkii
otu_220																				
otu_221	Eukaryota	Metazoa	Chordata	Craniata	Actinopterygii	Actinopteri	Neopterygii	Teleostei	Euteleosteomorpha			Gobiiformes	Gobioidei			Gobiidae	Gobionellinae		Eugnathogobius	
otu_222																				
otu_223	Eukaryota	Metazoa	Chordata	Craniata	Actinopterygii	Actinopteri	Neopterygii	Teleostei	Euteleosteomorpha			Scombriformes				Arripidae			Arripis	Arripis trutta
otu_224	Eukaryota	Metazoa	Chordata	Craniata	Actinopterygii	Actinopteri	Neopterygii	Teleostei	Otomorpha	Clupei		Clupeiformes	Clupeoidei			Clupeidae	Clupeinae		Sardinella	
otu_225	Eukaryota	Metazoa	Chordata	Craniata	Actinopterygii	Actinopteri	Neopterygii	Teleostei	Euteleosteomorpha			Synbranchiformes	Mastacembeloidei			Mastacembelidae			Macrognathus	Macrognathus pancalus
otu_226	Eukaryota	Metazoa	Chordata	Craniata	Actinopterygii	Actinopteri	Neopterygii	Teleostei	Euteleosteomorpha			Labriformes				Labridae			Bolbometopon	Bolbometopon muricatum
otu_227																				
otu_228	Eukaryota	Metazoa	Chordata	Craniata	Actinopterygii	Actinopteri	Neopterygii	Teleostei	Euteleosteomorpha			Labriformes				Labridae			Calotomus	Calotomus japonicus
otu_229																				
otu_230	Eukaryota	Metazoa	Chordata	Craniata	Actinopterygii	Actinopteri	Neopterygii	Teleostei	Euteleosteomorpha			Syngnathiformes				Centriscidae	Centriscinae		Aeoliscus	Aeoliscus strigatus
otu_231	Eukaryota	Metazoa	Chordata	Craniata	Actinopterygii	Actinopteri	Neopterygii	Teleostei	Euteleosteomorpha							Siganidae			Siganus	
otu_232	Eukaryota	Metazoa	Chordata	Craniata	Actinopterygii	Actinopteri	Neopterygii	Teleostei	Otomorpha	Ostariophysi	Cypriniphysae	Cypriniformes	Cyprinoidei			Cyprinidae	Acrossocheilinae		Acrossocheilus	Acrossocheilus paradoxus
otu_233	Eukaryota	Metazoa	Chordata	Craniata	Actinopterygii	Actinopteri	Neopterygii	Teleostei	Otomorpha	Ostariophysi	Cypriniphysae	Cypriniformes	Cobitoidei			Nemacheilidae			Triplophysa	Triplophysa yarkandensis
otu_234	Eukaryota	Metazoa	Chordata	Craniata	Actinopterygii	Actinopteri	Neopterygii	Teleostei	Euteleosteomorpha			Blenniiformes	Blennioidei			Blenniidae	Blenniinae		Petroscirtes	Petroscirtes breviceps
otu_235																				
otu_236	Eukaryota	Metazoa	Chordata	Craniata	Actinopterygii	Actinopteri	Neopterygii	Teleostei	Euteleosteomorpha			Gobiiformes	Gobioidei			Gobiidae	Gobiinae		Exyrias	Exyrias puntang
otu_237																				
otu_238	Eukaryota	Metazoa	Chordata	Craniata	Actinopterygii	Actinopteri	Neopterygii	Teleostei	Euteleosteomorpha			Lobotiformes				Hapalogenyidae			Hapalogenys	Hapalogenys nigripinnis
otu_239																				
otu_240	Eukaryota	Metazoa	Chordata	Craniata	Actinopterygii	Actinopteri	Neopterygii	Teleostei	Euteleosteomorpha			Labriformes				Labridae			Pseudolabrus	Pseudolabrus eoethinus
