samplename	species	nreads
ClaidentTutorial__Sample01__MiFish	077_unidentified_Nemacheilidae	377
ClaidentTutorial__Sample01__MiFish	035_unidentified_Tariqilabeo	314
ClaidentTutorial__Sample01__MiFish	009_unidentified_Opsaridium	291
ClaidentTutorial__Sample01__MiFish	072_Polydactylus_sextarius	275
ClaidentTutorial__Sample01__MiFish	152_Girella_punctata	274
ClaidentTutorial__Sample01__MiFish	153_unidentified_Hiodon	270
ClaidentTutorial__Sample01__MiFish	002_unidentified_Euteleosteomorpha	268
ClaidentTutorial__Sample01__MiFish	195_Hime_japonica	268
ClaidentTutorial__Sample01__MiFish	042_unidentified_Bovichtus	266
ClaidentTutorial__Sample01__MiFish	198_unidentified_Citharinus	246
ClaidentTutorial__Sample01__MiFish	199_unidentified_Pseudorhombus	242
ClaidentTutorial__Sample01__MiFish	147_unidentified_Diceratiidae	239
ClaidentTutorial__Sample01__MiFish	088_unidentified_Characidae	238
ClaidentTutorial__Sample01__MiFish	126_unidentified_Ariosoma	236
ClaidentTutorial__Sample01__MiFish	159_Eleginus_gracilis	232
ClaidentTutorial__Sample01__MiFish	039_Spratelloides_delicatulus	231
ClaidentTutorial__Sample01__MiFish	090_unidentified_Amblyopinae	217
ClaidentTutorial__Sample01__MiFish	203_unidentified_Macrourinae	217
ClaidentTutorial__Sample01__MiFish	018_unidentified_Stolephorus	211
ClaidentTutorial__Sample01__MiFish	204_Helostoma_temminkii	210
ClaidentTutorial__Sample01__MiFish	205_unidentified_Esociformes	210
ClaidentTutorial__Sample01__MiFish	003_Kaupichthys_hyoproroides	209
ClaidentTutorial__Sample01__MiFish	098_Parachaenichthys_charcoti	203
ClaidentTutorial__Sample01__MiFish	074_unidentified_Microdevario	199
ClaidentTutorial__Sample01__MiFish	207_unidentified_Eugnathogobius	184
ClaidentTutorial__Sample01__MiFish	076_Seriola_quinqueradiata	182
ClaidentTutorial__Sample01__MiFish	092_unidentified_Channa	180
ClaidentTutorial__Sample01__MiFish	125_Lactoria_diaphana	179
ClaidentTutorial__Sample01__MiFish	185_unidentified_Scomberomorus	178
ClaidentTutorial__Sample01__MiFish	048_unidentified_Cottiusculus	177
ClaidentTutorial__Sample01__MiFish	059_unidentified_Plesiops	177
ClaidentTutorial__Sample01__MiFish	140_Macropharyngodon_negrosensis	176
ClaidentTutorial__Sample01__MiFish	208_Arripis_trutta	171
ClaidentTutorial__Sample01__MiFish	052_Parupeneus_chrysopleuron	168
ClaidentTutorial__Sample01__MiFish	108_Cynoglossus_abbreviatus	161
ClaidentTutorial__Sample01__MiFish	032_unidentified_Coilinae	159
ClaidentTutorial__Sample01__MiFish	019_Triphoturus_mexicanus	157
ClaidentTutorial__Sample01__MiFish	004_Uranoscopus_cognatus	148
ClaidentTutorial__Sample01__MiFish	132_Brachygobius_doriae	142
ClaidentTutorial__Sample01__MiFish	094_Mugil_cephalus	140
ClaidentTutorial__Sample01__MiFish	133_Pterapogon_kauderni	140
ClaidentTutorial__Sample01__MiFish	175_unidentified_Oreochromini	140
ClaidentTutorial__Sample01__MiFish	078_unidentified_Cyprinodon	133
ClaidentTutorial__Sample01__MiFish	011_unidentified_Pterois	132
ClaidentTutorial__Sample01__MiFish	192_unidentified_Linophrynidae	132
ClaidentTutorial__Sample01__MiFish	215_Aeoliscus_strigatus	124
ClaidentTutorial__Sample01__MiFish	131_Harengula_jaguana	116
ClaidentTutorial__Sample01__MiFish	158_unidentified_Heteromycteris	114
ClaidentTutorial__Sample01__MiFish	219_Petroscirtes_breviceps	107
ClaidentTutorial__Sample01__MiFish	034_unidentified_Muraeninae	83
ClaidentTutorial__Sample01__MiFish	068_unidentified_Engraulinae	4
ClaidentTutorial__Sample01__MiFish	114_unidentified_Gigantactis	4
ClaidentTutorial__Sample01__MiFish	037_unidentified_Glyptosterninae	3
ClaidentTutorial__Sample01__MiFish	102_Pempheris_schwenkii	2
ClaidentTutorial__Sample02__MiFish	077_unidentified_Nemacheilidae	393
ClaidentTutorial__Sample02__MiFish	079_unidentified_Rhodeus	365
ClaidentTutorial__Sample02__MiFish	092_unidentified_Channa	335
ClaidentTutorial__Sample02__MiFish	019_Triphoturus_mexicanus	288
ClaidentTutorial__Sample02__MiFish	132_Brachygobius_doriae	276
ClaidentTutorial__Sample02__MiFish	018_unidentified_Stolephorus	269
ClaidentTutorial__Sample02__MiFish	135_unidentified_Protopterus	266
ClaidentTutorial__Sample02__MiFish	090_unidentified_Amblyopinae	265
ClaidentTutorial__Sample02__MiFish	147_unidentified_Diceratiidae	247
ClaidentTutorial__Sample02__MiFish	114_unidentified_Gigantactis	240
ClaidentTutorial__Sample02__MiFish	058_unidentified_Cynoglossus	234
ClaidentTutorial__Sample02__MiFish	023_unidentified_Luciosoma	231
ClaidentTutorial__Sample02__MiFish	074_unidentified_Microdevario	228
ClaidentTutorial__Sample02__MiFish	094_Mugil_cephalus	224
ClaidentTutorial__Sample02__MiFish	009_unidentified_Opsaridium	221
ClaidentTutorial__Sample02__MiFish	059_unidentified_Plesiops	221
ClaidentTutorial__Sample02__MiFish	078_unidentified_Cyprinodon	220
ClaidentTutorial__Sample02__MiFish	125_Lactoria_diaphana	216
ClaidentTutorial__Sample02__MiFish	098_Parachaenichthys_charcoti	215
ClaidentTutorial__Sample02__MiFish	140_Macropharyngodon_negrosensis	211
ClaidentTutorial__Sample02__MiFish	175_unidentified_Oreochromini	211
ClaidentTutorial__Sample02__MiFish	076_Seriola_quinqueradiata	209
ClaidentTutorial__Sample02__MiFish	034_unidentified_Muraeninae	207
ClaidentTutorial__Sample02__MiFish	048_unidentified_Cottiusculus	207
ClaidentTutorial__Sample02__MiFish	123_Pseudogobius_javanicus	207
ClaidentTutorial__Sample02__MiFish	035_unidentified_Tariqilabeo	201
ClaidentTutorial__Sample02__MiFish	133_Pterapogon_kauderni	193
ClaidentTutorial__Sample02__MiFish	002_unidentified_Euteleosteomorpha	190
ClaidentTutorial__Sample02__MiFish	159_Eleginus_gracilis	188
ClaidentTutorial__Sample02__MiFish	039_Spratelloides_delicatulus	185
ClaidentTutorial__Sample02__MiFish	152_Girella_punctata	180
ClaidentTutorial__Sample02__MiFish	153_unidentified_Hiodon	180
ClaidentTutorial__Sample02__MiFish	167_unidentified_Onychostoma	174
ClaidentTutorial__Sample02__MiFish	004_Uranoscopus_cognatus	173
ClaidentTutorial__Sample02__MiFish	126_unidentified_Ariosoma	168
ClaidentTutorial__Sample02__MiFish	072_Polydactylus_sextarius	164
ClaidentTutorial__Sample02__MiFish	192_unidentified_Linophrynidae	158
ClaidentTutorial__Sample02__MiFish	032_unidentified_Coilinae	146
ClaidentTutorial__Sample02__MiFish	003_Kaupichthys_hyoproroides	143
ClaidentTutorial__Sample02__MiFish	185_unidentified_Scomberomorus	141
ClaidentTutorial__Sample02__MiFish	042_unidentified_Bovichtus	133
ClaidentTutorial__Sample02__MiFish	108_Cynoglossus_abbreviatus	129
ClaidentTutorial__Sample02__MiFish	158_unidentified_Heteromycteris	129
ClaidentTutorial__Sample02__MiFish	131_Harengula_jaguana	127
ClaidentTutorial__Sample02__MiFish	064_unidentified_Acheilognathidae	120
ClaidentTutorial__Sample02__MiFish	052_Parupeneus_chrysopleuron	119
ClaidentTutorial__Sample02__MiFish	088_unidentified_Characidae	117
ClaidentTutorial__Sample02__MiFish	011_unidentified_Pterois	114
ClaidentTutorial__Sample02__MiFish	137_unidentified_Cobitinae	78
ClaidentTutorial__Sample02__MiFish	060_Pagothenia_borchgrevinki	2
ClaidentTutorial__Sample02__MiFish	062_Stolephorus_commersonnii	2
ClaidentTutorial__Sample02__MiFish	136_unidentified_Chalceus	2
ClaidentTutorial__Sample02__MiFish	194_unidentified_Belonidae	2
ClaidentTutorial__Sample02__MiFish	054_Variola_albimarginata	1
ClaidentTutorial__Sample02__MiFish	067_unidentified_Canthigaster	1
ClaidentTutorial__Sample02__MiFish	100_unidentified_Nothobranchiidae	1
ClaidentTutorial__Sample03__MiFish	107_Doederleinia_berycoides	421
ClaidentTutorial__Sample03__MiFish	007_Acentrogobius_pflaumii	342
ClaidentTutorial__Sample03__MiFish	088_unidentified_Characidae	333
ClaidentTutorial__Sample03__MiFish	085_unidentified_Gobiesox	318
ClaidentTutorial__Sample03__MiFish	049_unidentified_Osteobrama	304
ClaidentTutorial__Sample03__MiFish	135_unidentified_Protopterus	272
ClaidentTutorial__Sample03__MiFish	020_unidentified_Salminus	261
ClaidentTutorial__Sample03__MiFish	123_Pseudogobius_javanicus	255
ClaidentTutorial__Sample03__MiFish	137_unidentified_Cobitinae	253
ClaidentTutorial__Sample03__MiFish	121_Esomus_metallicus	236
ClaidentTutorial__Sample03__MiFish	125_Lactoria_diaphana	228
ClaidentTutorial__Sample03__MiFish	059_unidentified_Plesiops	225
ClaidentTutorial__Sample03__MiFish	133_Pterapogon_kauderni	224
ClaidentTutorial__Sample03__MiFish	011_unidentified_Pterois	222
ClaidentTutorial__Sample03__MiFish	090_unidentified_Amblyopinae	219
ClaidentTutorial__Sample03__MiFish	018_unidentified_Stolephorus	216
ClaidentTutorial__Sample03__MiFish	167_unidentified_Onychostoma	214
ClaidentTutorial__Sample03__MiFish	114_unidentified_Gigantactis	213
ClaidentTutorial__Sample03__MiFish	077_unidentified_Nemacheilidae	199
ClaidentTutorial__Sample03__MiFish	035_unidentified_Tariqilabeo	198
ClaidentTutorial__Sample03__MiFish	126_unidentified_Ariosoma	197
ClaidentTutorial__Sample03__MiFish	034_unidentified_Muraeninae	196
ClaidentTutorial__Sample03__MiFish	079_unidentified_Rhodeus	192
ClaidentTutorial__Sample03__MiFish	098_Parachaenichthys_charcoti	192
ClaidentTutorial__Sample03__MiFish	078_unidentified_Cyprinodon	191
ClaidentTutorial__Sample03__MiFish	042_unidentified_Bovichtus	189
ClaidentTutorial__Sample03__MiFish	131_Harengula_jaguana	189
ClaidentTutorial__Sample03__MiFish	023_unidentified_Luciosoma	188
ClaidentTutorial__Sample03__MiFish	004_Uranoscopus_cognatus	183
ClaidentTutorial__Sample03__MiFish	032_unidentified_Coilinae	181
ClaidentTutorial__Sample03__MiFish	074_unidentified_Microdevario	177
ClaidentTutorial__Sample03__MiFish	094_Mugil_cephalus	176
ClaidentTutorial__Sample03__MiFish	158_unidentified_Heteromycteris	175
ClaidentTutorial__Sample03__MiFish	072_Polydactylus_sextarius	173
ClaidentTutorial__Sample03__MiFish	058_unidentified_Cynoglossus	164
ClaidentTutorial__Sample03__MiFish	003_Kaupichthys_hyoproroides	163
ClaidentTutorial__Sample03__MiFish	132_Brachygobius_doriae	151
ClaidentTutorial__Sample03__MiFish	052_Parupeneus_chrysopleuron	149
ClaidentTutorial__Sample03__MiFish	009_unidentified_Opsaridium	143
ClaidentTutorial__Sample03__MiFish	193_unidentified_Platycephalidae	140
ClaidentTutorial__Sample03__MiFish	039_Spratelloides_delicatulus	138
ClaidentTutorial__Sample03__MiFish	048_unidentified_Cottiusculus	135
ClaidentTutorial__Sample03__MiFish	076_Seriola_quinqueradiata	134
ClaidentTutorial__Sample03__MiFish	064_unidentified_Acheilognathidae	133
ClaidentTutorial__Sample03__MiFish	036_Odontobutis_platycephala	130
ClaidentTutorial__Sample03__MiFish	140_Macropharyngodon_negrosensis	126
ClaidentTutorial__Sample03__MiFish	019_Triphoturus_mexicanus	124
ClaidentTutorial__Sample03__MiFish	217_unidentified_Acrossocheilus	122
ClaidentTutorial__Sample03__MiFish	108_Cynoglossus_abbreviatus	111
ClaidentTutorial__Sample03__MiFish	057_Coreoperca_kawamebari	33
ClaidentTutorial__Sample03__MiFish	054_Variola_albimarginata	1
ClaidentTutorial__Sample03__MiFish	201_unidentified_Electrona	1
ClaidentTutorial__Sample04__MiFish	081_Aulorhynchus_flavidus	363
ClaidentTutorial__Sample04__MiFish	055_Coelorinchus_kishinouyei	286
ClaidentTutorial__Sample04__MiFish	024_unidentified_Campylomormyrus	282
ClaidentTutorial__Sample04__MiFish	048_unidentified_Cottiusculus	270
ClaidentTutorial__Sample04__MiFish	003_Kaupichthys_hyoproroides	259
ClaidentTutorial__Sample04__MiFish	103_unidentified_Helicolenus	259
ClaidentTutorial__Sample04__MiFish	094_Mugil_cephalus	256
ClaidentTutorial__Sample04__MiFish	089_Chascanopsetta_lugubris	253
ClaidentTutorial__Sample04__MiFish	019_Triphoturus_mexicanus	249
ClaidentTutorial__Sample04__MiFish	058_unidentified_Cynoglossus	249
ClaidentTutorial__Sample04__MiFish	007_Acentrogobius_pflaumii	247
ClaidentTutorial__Sample04__MiFish	052_Parupeneus_chrysopleuron	244
ClaidentTutorial__Sample04__MiFish	006_Squalogadus_modificatus	243
ClaidentTutorial__Sample04__MiFish	079_unidentified_Rhodeus	234
ClaidentTutorial__Sample04__MiFish	121_Esomus_metallicus	234
ClaidentTutorial__Sample04__MiFish	018_unidentified_Stolephorus	233
ClaidentTutorial__Sample04__MiFish	036_Odontobutis_platycephala	232
ClaidentTutorial__Sample04__MiFish	032_unidentified_Coilinae	231
ClaidentTutorial__Sample04__MiFish	035_unidentified_Tariqilabeo	229
ClaidentTutorial__Sample04__MiFish	076_Seriola_quinqueradiata	223
ClaidentTutorial__Sample04__MiFish	078_unidentified_Cyprinodon	221
ClaidentTutorial__Sample04__MiFish	034_unidentified_Muraeninae	217
ClaidentTutorial__Sample04__MiFish	114_unidentified_Gigantactis	210
ClaidentTutorial__Sample04__MiFish	085_unidentified_Gobiesox	208
ClaidentTutorial__Sample04__MiFish	137_unidentified_Cobitinae	202
ClaidentTutorial__Sample04__MiFish	064_unidentified_Acheilognathidae	199
ClaidentTutorial__Sample04__MiFish	039_Spratelloides_delicatulus	178
ClaidentTutorial__Sample04__MiFish	009_unidentified_Opsaridium	177
ClaidentTutorial__Sample04__MiFish	004_Uranoscopus_cognatus	176
ClaidentTutorial__Sample04__MiFish	049_unidentified_Osteobrama	175
ClaidentTutorial__Sample04__MiFish	020_unidentified_Salminus	174
ClaidentTutorial__Sample04__MiFish	072_Polydactylus_sextarius	174
ClaidentTutorial__Sample04__MiFish	088_unidentified_Characidae	174
ClaidentTutorial__Sample04__MiFish	074_unidentified_Microdevario	171
ClaidentTutorial__Sample04__MiFish	098_Parachaenichthys_charcoti	167
ClaidentTutorial__Sample04__MiFish	123_Pseudogobius_javanicus	166
ClaidentTutorial__Sample04__MiFish	059_unidentified_Plesiops	149
ClaidentTutorial__Sample04__MiFish	090_unidentified_Amblyopinae	148
ClaidentTutorial__Sample04__MiFish	212_unidentified_Mugilidae	147
ClaidentTutorial__Sample04__MiFish	193_unidentified_Platycephalidae	145
ClaidentTutorial__Sample04__MiFish	053_unidentified_Anguilliformes	141
ClaidentTutorial__Sample04__MiFish	131_Harengula_jaguana	139
ClaidentTutorial__Sample04__MiFish	060_Pagothenia_borchgrevinki	136
ClaidentTutorial__Sample04__MiFish	057_Coreoperca_kawamebari	134
ClaidentTutorial__Sample04__MiFish	023_unidentified_Luciosoma	132
ClaidentTutorial__Sample04__MiFish	042_unidentified_Bovichtus	131
ClaidentTutorial__Sample04__MiFish	107_Doederleinia_berycoides	119
ClaidentTutorial__Sample04__MiFish	108_Cynoglossus_abbreviatus	112
ClaidentTutorial__Sample04__MiFish	011_unidentified_Pterois	94
ClaidentTutorial__Sample04__MiFish	151_Gymnomuraena_zebra	56
ClaidentTutorial__Sample04__MiFish	054_Variola_albimarginata	2
ClaidentTutorial__Sample04__MiFish	067_unidentified_Canthigaster	2
ClaidentTutorial__Sample04__MiFish	073_Trichonotus_elegans	2
ClaidentTutorial__Sample04__MiFish	147_unidentified_Diceratiidae	2
ClaidentTutorial__Sample04__MiFish	028_unidentified_Cyprinidae	1
ClaidentTutorial__Sample04__MiFish	077_unidentified_Nemacheilidae	1
ClaidentTutorial__Sample05__MiFish	053_unidentified_Anguilliformes	448
ClaidentTutorial__Sample05__MiFish	001_unidentified_Tetraodontidae	446
ClaidentTutorial__Sample05__MiFish	104_Embiotoca_jacksoni	320
ClaidentTutorial__Sample05__MiFish	191_unidentified_Labeo	294
ClaidentTutorial__Sample05__MiFish	021_unidentified_Gobionellinae	290
ClaidentTutorial__Sample05__MiFish	035_unidentified_Tariqilabeo	273
ClaidentTutorial__Sample05__MiFish	055_Coelorinchus_kishinouyei	267
ClaidentTutorial__Sample05__MiFish	060_Pagothenia_borchgrevinki	265
ClaidentTutorial__Sample05__MiFish	136_unidentified_Chalceus	262
ClaidentTutorial__Sample05__MiFish	007_Acentrogobius_pflaumii	256
ClaidentTutorial__Sample05__MiFish	085_unidentified_Gobiesox	248
ClaidentTutorial__Sample05__MiFish	072_Polydactylus_sextarius	239
ClaidentTutorial__Sample05__MiFish	009_unidentified_Opsaridium	237
ClaidentTutorial__Sample05__MiFish	019_Triphoturus_mexicanus	236
ClaidentTutorial__Sample05__MiFish	076_Seriola_quinqueradiata	227
ClaidentTutorial__Sample05__MiFish	032_unidentified_Coilinae	226
ClaidentTutorial__Sample05__MiFish	074_unidentified_Microdevario	206
ClaidentTutorial__Sample05__MiFish	078_unidentified_Cyprinodon	204
ClaidentTutorial__Sample05__MiFish	081_Aulorhynchus_flavidus	198
ClaidentTutorial__Sample05__MiFish	058_unidentified_Cynoglossus	196
ClaidentTutorial__Sample05__MiFish	049_unidentified_Osteobrama	195
ClaidentTutorial__Sample05__MiFish	003_Kaupichthys_hyoproroides	191
ClaidentTutorial__Sample05__MiFish	006_Squalogadus_modificatus	191
ClaidentTutorial__Sample05__MiFish	023_unidentified_Luciosoma	189
ClaidentTutorial__Sample05__MiFish	024_unidentified_Campylomormyrus	187
ClaidentTutorial__Sample05__MiFish	059_unidentified_Plesiops	187
ClaidentTutorial__Sample05__MiFish	020_unidentified_Salminus	185
ClaidentTutorial__Sample05__MiFish	108_Cynoglossus_abbreviatus	183
ClaidentTutorial__Sample05__MiFish	107_Doederleinia_berycoides	175
ClaidentTutorial__Sample05__MiFish	018_unidentified_Stolephorus	172
ClaidentTutorial__Sample05__MiFish	121_Esomus_metallicus	172
ClaidentTutorial__Sample05__MiFish	057_Coreoperca_kawamebari	170
ClaidentTutorial__Sample05__MiFish	089_Chascanopsetta_lugubris	170
ClaidentTutorial__Sample05__MiFish	103_unidentified_Helicolenus	170
ClaidentTutorial__Sample05__MiFish	079_unidentified_Rhodeus	168
ClaidentTutorial__Sample05__MiFish	068_unidentified_Engraulinae	165
ClaidentTutorial__Sample05__MiFish	036_Odontobutis_platycephala	159
ClaidentTutorial__Sample05__MiFish	042_unidentified_Bovichtus	157
ClaidentTutorial__Sample05__MiFish	064_unidentified_Acheilognathidae	151
ClaidentTutorial__Sample05__MiFish	186_Amblychaeturichthys_hexanema	151
ClaidentTutorial__Sample05__MiFish	004_Uranoscopus_cognatus	149
ClaidentTutorial__Sample05__MiFish	039_Spratelloides_delicatulus	145
ClaidentTutorial__Sample05__MiFish	151_Gymnomuraena_zebra	145
ClaidentTutorial__Sample05__MiFish	011_unidentified_Pterois	144
ClaidentTutorial__Sample05__MiFish	052_Parupeneus_chrysopleuron	144
ClaidentTutorial__Sample05__MiFish	034_unidentified_Muraeninae	128
ClaidentTutorial__Sample05__MiFish	048_unidentified_Cottiusculus	89
ClaidentTutorial__Sample05__MiFish	201_unidentified_Electrona	86
ClaidentTutorial__Sample05__MiFish	094_Mugil_cephalus	4
ClaidentTutorial__Sample05__MiFish	099_Pervagor_janthinosoma	4
ClaidentTutorial__Sample05__MiFish	118_unidentified_Priacanthus	3
ClaidentTutorial__Sample05__MiFish	140_Macropharyngodon_negrosensis	2
ClaidentTutorial__Sample05__MiFish	002_unidentified_Euteleosteomorpha	1
ClaidentTutorial__Sample05__MiFish	029_unidentified_Callionymidae	1
ClaidentTutorial__Sample05__MiFish	102_Pempheris_schwenkii	1
ClaidentTutorial__Sample06__MiFish	001_unidentified_Tetraodontidae	448
ClaidentTutorial__Sample06__MiFish	102_Pempheris_schwenkii	408
ClaidentTutorial__Sample06__MiFish	016_unidentified_Rhaphiodontinae	385
ClaidentTutorial__Sample06__MiFish	181_unidentified_Chrysichthys	324
ClaidentTutorial__Sample06__MiFish	006_Squalogadus_modificatus	323
ClaidentTutorial__Sample06__MiFish	037_unidentified_Glyptosterninae	313
ClaidentTutorial__Sample06__MiFish	018_unidentified_Stolephorus	297
ClaidentTutorial__Sample06__MiFish	138_unidentified_Acantopsis	283
ClaidentTutorial__Sample06__MiFish	039_Spratelloides_delicatulus	277
ClaidentTutorial__Sample06__MiFish	151_Gymnomuraena_zebra	270
ClaidentTutorial__Sample06__MiFish	035_unidentified_Tariqilabeo	256
ClaidentTutorial__Sample06__MiFish	064_unidentified_Acheilognathidae	250
ClaidentTutorial__Sample06__MiFish	053_unidentified_Anguilliformes	240
ClaidentTutorial__Sample06__MiFish	009_unidentified_Opsaridium	231
ClaidentTutorial__Sample06__MiFish	049_unidentified_Osteobrama	224
ClaidentTutorial__Sample06__MiFish	024_unidentified_Campylomormyrus	216
ClaidentTutorial__Sample06__MiFish	068_unidentified_Engraulinae	214
ClaidentTutorial__Sample06__MiFish	032_unidentified_Coilinae	207
ClaidentTutorial__Sample06__MiFish	003_Kaupichthys_hyoproroides	202
ClaidentTutorial__Sample06__MiFish	089_Chascanopsetta_lugubris	200
ClaidentTutorial__Sample06__MiFish	021_unidentified_Gobionellinae	198
ClaidentTutorial__Sample06__MiFish	206_unidentified_Bunocephalus	196
ClaidentTutorial__Sample06__MiFish	034_unidentified_Muraeninae	195
ClaidentTutorial__Sample06__MiFish	048_unidentified_Cottiusculus	192
ClaidentTutorial__Sample06__MiFish	059_unidentified_Plesiops	188
ClaidentTutorial__Sample06__MiFish	011_unidentified_Pterois	187
ClaidentTutorial__Sample06__MiFish	020_unidentified_Salminus	181
ClaidentTutorial__Sample06__MiFish	081_Aulorhynchus_flavidus	175
ClaidentTutorial__Sample06__MiFish	023_unidentified_Luciosoma	166
ClaidentTutorial__Sample06__MiFish	186_Amblychaeturichthys_hexanema	165
ClaidentTutorial__Sample06__MiFish	055_Coelorinchus_kishinouyei	162
ClaidentTutorial__Sample06__MiFish	111_unidentified_Ecsenius	162
ClaidentTutorial__Sample06__MiFish	004_Uranoscopus_cognatus	160
ClaidentTutorial__Sample06__MiFish	036_Odontobutis_platycephala	151
ClaidentTutorial__Sample06__MiFish	201_unidentified_Electrona	150
ClaidentTutorial__Sample06__MiFish	019_Triphoturus_mexicanus	149
ClaidentTutorial__Sample06__MiFish	058_unidentified_Cynoglossus	149
ClaidentTutorial__Sample06__MiFish	007_Acentrogobius_pflaumii	146
ClaidentTutorial__Sample06__MiFish	057_Coreoperca_kawamebari	139
ClaidentTutorial__Sample06__MiFish	104_Embiotoca_jacksoni	137
ClaidentTutorial__Sample06__MiFish	136_unidentified_Chalceus	137
ClaidentTutorial__Sample06__MiFish	103_unidentified_Helicolenus	133
ClaidentTutorial__Sample06__MiFish	052_Parupeneus_chrysopleuron	132
ClaidentTutorial__Sample06__MiFish	085_unidentified_Gobiesox	131
ClaidentTutorial__Sample06__MiFish	214_unidentified_Kneria	130
ClaidentTutorial__Sample06__MiFish	042_unidentified_Bovichtus	124
ClaidentTutorial__Sample06__MiFish	060_Pagothenia_borchgrevinki	112
ClaidentTutorial__Sample06__MiFish	008_Rhinichthys_atratulus	50
ClaidentTutorial__Sample06__MiFish	191_unidentified_Labeo	4
ClaidentTutorial__Sample06__MiFish	158_unidentified_Heteromycteris	3
ClaidentTutorial__Sample06__MiFish	077_unidentified_Nemacheilidae	2
ClaidentTutorial__Sample06__MiFish	028_unidentified_Cyprinidae	1
ClaidentTutorial__Sample07__MiFish	001_unidentified_Tetraodontidae	342
ClaidentTutorial__Sample07__MiFish	005_unidentified_Eleotris	329
ClaidentTutorial__Sample07__MiFish	184_unidentified_Acanthurinae	322
ClaidentTutorial__Sample07__MiFish	023_unidentified_Luciosoma	320
ClaidentTutorial__Sample07__MiFish	073_Trichonotus_elegans	300
ClaidentTutorial__Sample07__MiFish	086_unidentified_Pictichromis	298
ClaidentTutorial__Sample07__MiFish	017_unidentified_Gymnorhamphichthys	279
ClaidentTutorial__Sample07__MiFish	104_Embiotoca_jacksoni	272
ClaidentTutorial__Sample07__MiFish	065_Macrorhamphosodes_uradoi	265
ClaidentTutorial__Sample07__MiFish	024_unidentified_Campylomormyrus	262
ClaidentTutorial__Sample07__MiFish	111_unidentified_Ecsenius	262
ClaidentTutorial__Sample07__MiFish	019_Triphoturus_mexicanus	253
ClaidentTutorial__Sample07__MiFish	138_unidentified_Acantopsis	246
ClaidentTutorial__Sample07__MiFish	052_Parupeneus_chrysopleuron	241
ClaidentTutorial__Sample07__MiFish	053_unidentified_Anguilliformes	240
ClaidentTutorial__Sample07__MiFish	089_Chascanopsetta_lugubris	237
ClaidentTutorial__Sample07__MiFish	018_unidentified_Stolephorus	233
ClaidentTutorial__Sample07__MiFish	008_Rhinichthys_atratulus	223
ClaidentTutorial__Sample07__MiFish	016_unidentified_Rhaphiodontinae	216
ClaidentTutorial__Sample07__MiFish	003_Kaupichthys_hyoproroides	209
ClaidentTutorial__Sample07__MiFish	007_Acentrogobius_pflaumii	200
ClaidentTutorial__Sample07__MiFish	048_unidentified_Cottiusculus	198
ClaidentTutorial__Sample07__MiFish	081_Aulorhynchus_flavidus	194
ClaidentTutorial__Sample07__MiFish	036_Odontobutis_platycephala	192
ClaidentTutorial__Sample07__MiFish	032_unidentified_Coilinae	187
ClaidentTutorial__Sample07__MiFish	011_unidentified_Pterois	181
ClaidentTutorial__Sample07__MiFish	049_unidentified_Osteobrama	181
ClaidentTutorial__Sample07__MiFish	102_Pempheris_schwenkii	179
ClaidentTutorial__Sample07__MiFish	037_unidentified_Glyptosterninae	176
ClaidentTutorial__Sample07__MiFish	103_unidentified_Helicolenus	175
ClaidentTutorial__Sample07__MiFish	006_Squalogadus_modificatus	174
ClaidentTutorial__Sample07__MiFish	009_unidentified_Opsaridium	174
ClaidentTutorial__Sample07__MiFish	004_Uranoscopus_cognatus	167
ClaidentTutorial__Sample07__MiFish	034_unidentified_Muraeninae	165
ClaidentTutorial__Sample07__MiFish	058_unidentified_Cynoglossus	163
ClaidentTutorial__Sample07__MiFish	030_Amia_calva	162
ClaidentTutorial__Sample07__MiFish	042_unidentified_Bovichtus	150
ClaidentTutorial__Sample07__MiFish	064_unidentified_Acheilognathidae	148
ClaidentTutorial__Sample07__MiFish	068_unidentified_Engraulinae	143
ClaidentTutorial__Sample07__MiFish	055_Coelorinchus_kishinouyei	141
ClaidentTutorial__Sample07__MiFish	060_Pagothenia_borchgrevinki	137
ClaidentTutorial__Sample07__MiFish	136_unidentified_Chalceus	135
ClaidentTutorial__Sample07__MiFish	039_Spratelloides_delicatulus	134
ClaidentTutorial__Sample07__MiFish	057_Coreoperca_kawamebari	133
ClaidentTutorial__Sample07__MiFish	021_unidentified_Gobionellinae	128
ClaidentTutorial__Sample07__MiFish	194_unidentified_Belonidae	124
ClaidentTutorial__Sample07__MiFish	067_unidentified_Canthigaster	114
ClaidentTutorial__Sample07__MiFish	020_unidentified_Salminus	92
ClaidentTutorial__Sample07__MiFish	040_Benthodesmus_tenuis	45
ClaidentTutorial__Sample07__MiFish	027_unidentified_Branchiostegus	3
ClaidentTutorial__Sample07__MiFish	074_unidentified_Microdevario	3
ClaidentTutorial__Sample07__MiFish	098_Parachaenichthys_charcoti	2
ClaidentTutorial__Sample07__MiFish	185_unidentified_Scomberomorus	2
ClaidentTutorial__Sample07__MiFish	035_unidentified_Tariqilabeo	1
ClaidentTutorial__Sample07__MiFish	108_Cynoglossus_abbreviatus	1
ClaidentTutorial__Sample08__MiFish	001_unidentified_Tetraodontidae	486
ClaidentTutorial__Sample08__MiFish	054_Variola_albimarginata	356
ClaidentTutorial__Sample08__MiFish	024_unidentified_Campylomormyrus	287
ClaidentTutorial__Sample08__MiFish	062_Stolephorus_commersonnii	284
ClaidentTutorial__Sample08__MiFish	068_unidentified_Engraulinae	282
ClaidentTutorial__Sample08__MiFish	013_Doryichthys_boaja	279
ClaidentTutorial__Sample08__MiFish	060_Pagothenia_borchgrevinki	267
ClaidentTutorial__Sample08__MiFish	027_unidentified_Branchiostegus	265
ClaidentTutorial__Sample08__MiFish	111_unidentified_Ecsenius	257
ClaidentTutorial__Sample08__MiFish	023_unidentified_Luciosoma	252
ClaidentTutorial__Sample08__MiFish	156_unidentified_Lepidocephalichthys	251
ClaidentTutorial__Sample08__MiFish	008_Rhinichthys_atratulus	248
ClaidentTutorial__Sample08__MiFish	086_unidentified_Pictichromis	235
ClaidentTutorial__Sample08__MiFish	017_unidentified_Gymnorhamphichthys	225
ClaidentTutorial__Sample08__MiFish	100_unidentified_Nothobranchiidae	220
ClaidentTutorial__Sample08__MiFish	018_unidentified_Stolephorus	218
ClaidentTutorial__Sample08__MiFish	032_unidentified_Coilinae	218
ClaidentTutorial__Sample08__MiFish	065_Macrorhamphosodes_uradoi	212
ClaidentTutorial__Sample08__MiFish	011_unidentified_Pterois	208
ClaidentTutorial__Sample08__MiFish	019_Triphoturus_mexicanus	208
ClaidentTutorial__Sample08__MiFish	040_Benthodesmus_tenuis	208
ClaidentTutorial__Sample08__MiFish	009_unidentified_Opsaridium	203
ClaidentTutorial__Sample08__MiFish	037_unidentified_Glyptosterninae	196
ClaidentTutorial__Sample08__MiFish	029_unidentified_Callionymidae	189
ClaidentTutorial__Sample08__MiFish	042_unidentified_Bovichtus	189
ClaidentTutorial__Sample08__MiFish	067_unidentified_Canthigaster	189
ClaidentTutorial__Sample08__MiFish	005_unidentified_Eleotris	188
ClaidentTutorial__Sample08__MiFish	073_Trichonotus_elegans	185
ClaidentTutorial__Sample08__MiFish	020_unidentified_Salminus	177
ClaidentTutorial__Sample08__MiFish	036_Odontobutis_platycephala	175
ClaidentTutorial__Sample08__MiFish	034_unidentified_Muraeninae	174
ClaidentTutorial__Sample08__MiFish	006_Squalogadus_modificatus	172
ClaidentTutorial__Sample08__MiFish	016_unidentified_Rhaphiodontinae	170
ClaidentTutorial__Sample08__MiFish	021_unidentified_Gobionellinae	170
ClaidentTutorial__Sample08__MiFish	030_Amia_calva	165
ClaidentTutorial__Sample08__MiFish	196_unidentified_Tridentiger	164
ClaidentTutorial__Sample08__MiFish	004_Uranoscopus_cognatus	155
ClaidentTutorial__Sample08__MiFish	102_Pempheris_schwenkii	152
ClaidentTutorial__Sample08__MiFish	194_unidentified_Belonidae	152
ClaidentTutorial__Sample08__MiFish	007_Acentrogobius_pflaumii	151
ClaidentTutorial__Sample08__MiFish	057_Coreoperca_kawamebari	145
ClaidentTutorial__Sample08__MiFish	039_Spratelloides_delicatulus	143
ClaidentTutorial__Sample08__MiFish	049_unidentified_Osteobrama	134
ClaidentTutorial__Sample08__MiFish	055_Coelorinchus_kishinouyei	129
ClaidentTutorial__Sample08__MiFish	053_unidentified_Anguilliformes	124
ClaidentTutorial__Sample08__MiFish	064_unidentified_Acheilognathidae	117
ClaidentTutorial__Sample08__MiFish	003_Kaupichthys_hyoproroides	112
ClaidentTutorial__Sample08__MiFish	092_unidentified_Channa	110
ClaidentTutorial__Sample08__MiFish	099_Pervagor_janthinosoma	46
ClaidentTutorial__Sample08__MiFish	076_Seriola_quinqueradiata	2
ClaidentTutorial__Sample08__MiFish	077_unidentified_Nemacheilidae	2
ClaidentTutorial__Sample08__MiFish	079_unidentified_Rhodeus	2
ClaidentTutorial__Sample08__MiFish	094_Mugil_cephalus	2
ClaidentTutorial__Sample08__MiFish	104_Embiotoca_jacksoni	2
ClaidentTutorial__Sample08__MiFish	140_Macropharyngodon_negrosensis	2
ClaidentTutorial__Sample08__MiFish	153_unidentified_Hiodon	2
ClaidentTutorial__Sample08__MiFish	192_unidentified_Linophrynidae	2
ClaidentTutorial__Sample08__MiFish	072_Polydactylus_sextarius	1
ClaidentTutorial__Sample08__MiFish	114_unidentified_Gigantactis	1
ClaidentTutorial__Sample09__MiFish	001_unidentified_Tetraodontidae	410
ClaidentTutorial__Sample09__MiFish	014_Pristipomoides_multidens	407
ClaidentTutorial__Sample09__MiFish	180_Doryrhamphus_japonicus	331
ClaidentTutorial__Sample09__MiFish	010_unidentified_Centromochlinae	307
ClaidentTutorial__Sample09__MiFish	013_Doryichthys_boaja	304
ClaidentTutorial__Sample09__MiFish	099_Pervagor_janthinosoma	289
ClaidentTutorial__Sample09__MiFish	065_Macrorhamphosodes_uradoi	287
ClaidentTutorial__Sample09__MiFish	062_Stolephorus_commersonnii	286
ClaidentTutorial__Sample09__MiFish	006_Squalogadus_modificatus	276
ClaidentTutorial__Sample09__MiFish	057_Coreoperca_kawamebari	270
ClaidentTutorial__Sample09__MiFish	031_unidentified_Rasborinae	257
ClaidentTutorial__Sample09__MiFish	068_unidentified_Engraulinae	255
ClaidentTutorial__Sample09__MiFish	015_unidentified_Smiliogastrinae	237
ClaidentTutorial__Sample09__MiFish	008_Rhinichthys_atratulus	234
ClaidentTutorial__Sample09__MiFish	024_unidentified_Campylomormyrus	223
ClaidentTutorial__Sample09__MiFish	060_Pagothenia_borchgrevinki	220
ClaidentTutorial__Sample09__MiFish	067_unidentified_Canthigaster	219
ClaidentTutorial__Sample09__MiFish	092_unidentified_Channa	215
ClaidentTutorial__Sample09__MiFish	027_unidentified_Branchiostegus	207
ClaidentTutorial__Sample09__MiFish	155_Scleropages_formosus	205
ClaidentTutorial__Sample09__MiFish	055_Coelorinchus_kishinouyei	200
ClaidentTutorial__Sample09__MiFish	016_unidentified_Rhaphiodontinae	198
ClaidentTutorial__Sample09__MiFish	023_unidentified_Luciosoma	191
ClaidentTutorial__Sample09__MiFish	005_unidentified_Eleotris	189
ClaidentTutorial__Sample09__MiFish	007_Acentrogobius_pflaumii	186
ClaidentTutorial__Sample09__MiFish	156_unidentified_Lepidocephalichthys	183
ClaidentTutorial__Sample09__MiFish	036_Odontobutis_platycephala	180
ClaidentTutorial__Sample09__MiFish	029_unidentified_Callionymidae	176
ClaidentTutorial__Sample09__MiFish	030_Amia_calva	176
ClaidentTutorial__Sample09__MiFish	004_Uranoscopus_cognatus	175
ClaidentTutorial__Sample09__MiFish	054_Variola_albimarginata	174
ClaidentTutorial__Sample09__MiFish	021_unidentified_Gobionellinae	170
ClaidentTutorial__Sample09__MiFish	003_Kaupichthys_hyoproroides	167
ClaidentTutorial__Sample09__MiFish	073_Trichonotus_elegans	166
ClaidentTutorial__Sample09__MiFish	176_Fistularia_commersonii	158
ClaidentTutorial__Sample09__MiFish	034_unidentified_Muraeninae	157
ClaidentTutorial__Sample09__MiFish	086_unidentified_Pictichromis	154
ClaidentTutorial__Sample09__MiFish	040_Benthodesmus_tenuis	152
ClaidentTutorial__Sample09__MiFish	100_unidentified_Nothobranchiidae	152
ClaidentTutorial__Sample09__MiFish	020_unidentified_Salminus	148
ClaidentTutorial__Sample09__MiFish	011_unidentified_Pterois	143
ClaidentTutorial__Sample09__MiFish	037_unidentified_Glyptosterninae	141
ClaidentTutorial__Sample09__MiFish	070_Pimelodus_pictus	134
ClaidentTutorial__Sample09__MiFish	141_unidentified_Hemiculter	130
ClaidentTutorial__Sample09__MiFish	019_Triphoturus_mexicanus	112
ClaidentTutorial__Sample09__MiFish	017_unidentified_Gymnorhamphichthys	106
ClaidentTutorial__Sample09__MiFish	196_unidentified_Tridentiger	93
ClaidentTutorial__Sample09__MiFish	009_unidentified_Opsaridium	89
ClaidentTutorial__Sample09__MiFish	197_Gymnothorax_niphostigmus	35
ClaidentTutorial__Sample09__MiFish	039_Spratelloides_delicatulus	2
ClaidentTutorial__Sample09__MiFish	194_unidentified_Belonidae	2
ClaidentTutorial__Sample09__MiFish	077_unidentified_Nemacheilidae	1
ClaidentTutorial__Sample09__MiFish	133_Pterapogon_kauderni	1
ClaidentTutorial__Sample10__MiFish	005_unidentified_Eleotris	560
ClaidentTutorial__Sample10__MiFish	001_unidentified_Tetraodontidae	400
ClaidentTutorial__Sample10__MiFish	015_unidentified_Smiliogastrinae	399
ClaidentTutorial__Sample10__MiFish	097_unidentified_Genicanthus	318
ClaidentTutorial__Sample10__MiFish	016_unidentified_Rhaphiodontinae	272
ClaidentTutorial__Sample10__MiFish	028_unidentified_Cyprinidae	265
ClaidentTutorial__Sample10__MiFish	027_unidentified_Branchiostegus	261
ClaidentTutorial__Sample10__MiFish	030_Amia_calva	249
ClaidentTutorial__Sample10__MiFish	036_Odontobutis_platycephala	246
ClaidentTutorial__Sample10__MiFish	100_unidentified_Nothobranchiidae	246
ClaidentTutorial__Sample10__MiFish	029_unidentified_Callionymidae	243
ClaidentTutorial__Sample10__MiFish	200_Bedotia_geayi	240
ClaidentTutorial__Sample10__MiFish	070_Pimelodus_pictus	231
ClaidentTutorial__Sample10__MiFish	003_Kaupichthys_hyoproroides	230
ClaidentTutorial__Sample10__MiFish	009_unidentified_Opsaridium	229
ClaidentTutorial__Sample10__MiFish	155_Scleropages_formosus	229
ClaidentTutorial__Sample10__MiFish	046_unidentified_Paraplagusia	221
ClaidentTutorial__Sample10__MiFish	197_Gymnothorax_niphostigmus	221
ClaidentTutorial__Sample10__MiFish	010_unidentified_Centromochlinae	217
ClaidentTutorial__Sample10__MiFish	007_Acentrogobius_pflaumii	213
ClaidentTutorial__Sample10__MiFish	054_Variola_albimarginata	210
ClaidentTutorial__Sample10__MiFish	017_unidentified_Gymnorhamphichthys	208
ClaidentTutorial__Sample10__MiFish	024_unidentified_Campylomormyrus	208
ClaidentTutorial__Sample10__MiFish	086_unidentified_Pictichromis	207
ClaidentTutorial__Sample10__MiFish	099_Pervagor_janthinosoma	207
ClaidentTutorial__Sample10__MiFish	073_Trichonotus_elegans	203
ClaidentTutorial__Sample10__MiFish	176_Fistularia_commersonii	192
ClaidentTutorial__Sample10__MiFish	008_Rhinichthys_atratulus	189
ClaidentTutorial__Sample10__MiFish	031_unidentified_Rasborinae	184
ClaidentTutorial__Sample10__MiFish	014_Pristipomoides_multidens	178
ClaidentTutorial__Sample10__MiFish	011_unidentified_Pterois	174
ClaidentTutorial__Sample10__MiFish	012_Denticeps_clupeoides	174
ClaidentTutorial__Sample10__MiFish	065_Macrorhamphosodes_uradoi	172
ClaidentTutorial__Sample10__MiFish	171_Stephanolepis_cirrhifer	153
ClaidentTutorial__Sample10__MiFish	013_Doryichthys_boaja	151
ClaidentTutorial__Sample10__MiFish	020_unidentified_Salminus	151
ClaidentTutorial__Sample10__MiFish	057_Coreoperca_kawamebari	150
ClaidentTutorial__Sample10__MiFish	062_Stolephorus_commersonnii	150
ClaidentTutorial__Sample10__MiFish	006_Squalogadus_modificatus	146
ClaidentTutorial__Sample10__MiFish	021_unidentified_Gobionellinae	146
ClaidentTutorial__Sample10__MiFish	040_Benthodesmus_tenuis	136
ClaidentTutorial__Sample10__MiFish	004_Uranoscopus_cognatus	125
ClaidentTutorial__Sample10__MiFish	067_unidentified_Canthigaster	124
ClaidentTutorial__Sample10__MiFish	216_unidentified_Siganus	124
ClaidentTutorial__Sample10__MiFish	141_unidentified_Hemiculter	123
ClaidentTutorial__Sample10__MiFish	037_unidentified_Glyptosterninae	121
ClaidentTutorial__Sample10__MiFish	044_unidentified_Siluroidei	66
ClaidentTutorial__Sample10__MiFish	079_unidentified_Rhodeus	2
ClaidentTutorial__Sample10__MiFish	035_unidentified_Tariqilabeo	1
ClaidentTutorial__Sample10__MiFish	108_Cynoglossus_abbreviatus	1
ClaidentTutorial__Sample10__MiFish	151_Gymnomuraena_zebra	1
ClaidentTutorial__Sample10__MiFish	165_Nannacara_anomala	1
ClaidentTutorial__Sample11__MiFish	001_unidentified_Tetraodontidae	500
ClaidentTutorial__Sample11__MiFish	182_unidentified_Orestias	325
ClaidentTutorial__Sample11__MiFish	043_Bothus_pantherinus	324
ClaidentTutorial__Sample11__MiFish	026_unidentified_Poecilia	284
ClaidentTutorial__Sample11__MiFish	118_unidentified_Priacanthus	278
ClaidentTutorial__Sample11__MiFish	054_Variola_albimarginata	271
ClaidentTutorial__Sample11__MiFish	087_Acanthocepola_krusensternii	261
ClaidentTutorial__Sample11__MiFish	027_unidentified_Branchiostegus	255
ClaidentTutorial__Sample11__MiFish	005_unidentified_Eleotris	254
ClaidentTutorial__Sample11__MiFish	008_Rhinichthys_atratulus	253
ClaidentTutorial__Sample11__MiFish	062_Stolephorus_commersonnii	252
ClaidentTutorial__Sample11__MiFish	017_unidentified_Gymnorhamphichthys	245
ClaidentTutorial__Sample11__MiFish	070_Pimelodus_pictus	232
ClaidentTutorial__Sample11__MiFish	004_Uranoscopus_cognatus	231
ClaidentTutorial__Sample11__MiFish	012_Denticeps_clupeoides	231
ClaidentTutorial__Sample11__MiFish	030_Amia_calva	231
ClaidentTutorial__Sample11__MiFish	010_unidentified_Centromochlinae	227
ClaidentTutorial__Sample11__MiFish	097_unidentified_Genicanthus	224
ClaidentTutorial__Sample11__MiFish	028_unidentified_Cyprinidae	220
ClaidentTutorial__Sample11__MiFish	021_unidentified_Gobionellinae	218
ClaidentTutorial__Sample11__MiFish	166_Luciogobius_elongatus	214
ClaidentTutorial__Sample11__MiFish	020_unidentified_Salminus	211
ClaidentTutorial__Sample11__MiFish	171_Stephanolepis_cirrhifer	211
ClaidentTutorial__Sample11__MiFish	099_Pervagor_janthinosoma	207
ClaidentTutorial__Sample11__MiFish	007_Acentrogobius_pflaumii	201
ClaidentTutorial__Sample11__MiFish	016_unidentified_Rhaphiodontinae	196
ClaidentTutorial__Sample11__MiFish	015_unidentified_Smiliogastrinae	195
ClaidentTutorial__Sample11__MiFish	046_unidentified_Paraplagusia	186
ClaidentTutorial__Sample11__MiFish	165_Nannacara_anomala	177
ClaidentTutorial__Sample11__MiFish	003_Kaupichthys_hyoproroides	170
ClaidentTutorial__Sample11__MiFish	067_unidentified_Canthigaster	170
ClaidentTutorial__Sample11__MiFish	210_Macrognathus_pancalus	161
ClaidentTutorial__Sample11__MiFish	009_unidentified_Opsaridium	160
ClaidentTutorial__Sample11__MiFish	065_Macrorhamphosodes_uradoi	160
ClaidentTutorial__Sample11__MiFish	014_Pristipomoides_multidens	153
ClaidentTutorial__Sample11__MiFish	031_unidentified_Rasborinae	153
ClaidentTutorial__Sample11__MiFish	073_Trichonotus_elegans	153
ClaidentTutorial__Sample11__MiFish	029_unidentified_Callionymidae	151
ClaidentTutorial__Sample11__MiFish	141_unidentified_Hemiculter	147
ClaidentTutorial__Sample11__MiFish	011_unidentified_Pterois	142
ClaidentTutorial__Sample11__MiFish	040_Benthodesmus_tenuis	140
ClaidentTutorial__Sample11__MiFish	044_unidentified_Siluroidei	140
ClaidentTutorial__Sample11__MiFish	100_unidentified_Nothobranchiidae	137
ClaidentTutorial__Sample11__MiFish	213_Calotomus_japonicus	132
ClaidentTutorial__Sample11__MiFish	006_Squalogadus_modificatus	129
ClaidentTutorial__Sample11__MiFish	013_Doryichthys_boaja	129
ClaidentTutorial__Sample11__MiFish	037_unidentified_Glyptosterninae	119
ClaidentTutorial__Sample11__MiFish	052_Parupeneus_chrysopleuron	2
ClaidentTutorial__Sample11__MiFish	155_Scleropages_formosus	2
ClaidentTutorial__Sample11__MiFish	049_unidentified_Osteobrama	1
ClaidentTutorial__Sample11__MiFish	151_Gymnomuraena_zebra	1
ClaidentTutorial__Sample12__MiFish	047_Poromitra_oscitans	413
ClaidentTutorial__Sample12__MiFish	038_Acentrogobius_caninus	361
ClaidentTutorial__Sample12__MiFish	015_unidentified_Smiliogastrinae	347
ClaidentTutorial__Sample12__MiFish	002_unidentified_Euteleosteomorpha	306
ClaidentTutorial__Sample12__MiFish	120_unidentified_Psilorhynchus	278
ClaidentTutorial__Sample12__MiFish	031_unidentified_Rasborinae	274
ClaidentTutorial__Sample12__MiFish	017_unidentified_Gymnorhamphichthys	273
ClaidentTutorial__Sample12__MiFish	010_unidentified_Centromochlinae	263
ClaidentTutorial__Sample12__MiFish	066_Schismatogobius_ampluvinculus	261
ClaidentTutorial__Sample12__MiFish	067_unidentified_Canthigaster	249
ClaidentTutorial__Sample12__MiFish	154_unidentified_Odacidae	248
ClaidentTutorial__Sample12__MiFish	097_unidentified_Genicanthus	243
ClaidentTutorial__Sample12__MiFish	001_unidentified_Tetraodontidae	240
ClaidentTutorial__Sample12__MiFish	014_Pristipomoides_multidens	238
ClaidentTutorial__Sample12__MiFish	004_Uranoscopus_cognatus	233
ClaidentTutorial__Sample12__MiFish	007_Acentrogobius_pflaumii	233
ClaidentTutorial__Sample12__MiFish	044_unidentified_Siluroidei	222
ClaidentTutorial__Sample12__MiFish	165_Nannacara_anomala	212
ClaidentTutorial__Sample12__MiFish	012_Denticeps_clupeoides	210
ClaidentTutorial__Sample12__MiFish	070_Pimelodus_pictus	210
ClaidentTutorial__Sample12__MiFish	030_Amia_calva	205
ClaidentTutorial__Sample12__MiFish	011_unidentified_Pterois	202
ClaidentTutorial__Sample12__MiFish	043_Bothus_pantherinus	196
ClaidentTutorial__Sample12__MiFish	118_unidentified_Priacanthus	189
ClaidentTutorial__Sample12__MiFish	016_unidentified_Rhaphiodontinae	187
ClaidentTutorial__Sample12__MiFish	026_unidentified_Poecilia	187
ClaidentTutorial__Sample12__MiFish	029_unidentified_Callionymidae	182
ClaidentTutorial__Sample12__MiFish	037_unidentified_Glyptosterninae	179
ClaidentTutorial__Sample12__MiFish	166_Luciogobius_elongatus	174
ClaidentTutorial__Sample12__MiFish	020_unidentified_Salminus	173
ClaidentTutorial__Sample12__MiFish	054_Variola_albimarginata	172
ClaidentTutorial__Sample12__MiFish	021_unidentified_Gobionellinae	169
ClaidentTutorial__Sample12__MiFish	046_unidentified_Paraplagusia	169
ClaidentTutorial__Sample12__MiFish	008_Rhinichthys_atratulus	166
ClaidentTutorial__Sample12__MiFish	003_Kaupichthys_hyoproroides	162
ClaidentTutorial__Sample12__MiFish	005_unidentified_Eleotris	161
ClaidentTutorial__Sample12__MiFish	062_Stolephorus_commersonnii	160
ClaidentTutorial__Sample12__MiFish	006_Squalogadus_modificatus	159
ClaidentTutorial__Sample12__MiFish	009_unidentified_Opsaridium	154
ClaidentTutorial__Sample12__MiFish	028_unidentified_Cyprinidae	147
ClaidentTutorial__Sample12__MiFish	187_unidentified_Heniochus	142
ClaidentTutorial__Sample12__MiFish	087_Acanthocepola_krusensternii	132
ClaidentTutorial__Sample12__MiFish	027_unidentified_Branchiostegus	131
ClaidentTutorial__Sample12__MiFish	013_Doryichthys_boaja	130
ClaidentTutorial__Sample12__MiFish	080_Oryzias_javanicus	124
ClaidentTutorial__Sample12__MiFish	040_Benthodesmus_tenuis	123
ClaidentTutorial__Sample12__MiFish	141_unidentified_Hemiculter	110
ClaidentTutorial__Sample12__MiFish	051_unidentified_Osteoglossiformes	105
ClaidentTutorial__Sample12__MiFish	068_unidentified_Engraulinae	4
ClaidentTutorial__Sample12__MiFish	099_Pervagor_janthinosoma	3
ClaidentTutorial__Sample12__MiFish	181_unidentified_Chrysichthys	2
ClaidentTutorial__Sample12__MiFish	196_unidentified_Tridentiger	2
ClaidentTutorial__Sample12__MiFish	035_unidentified_Tariqilabeo	1
ClaidentTutorial__Sample12__MiFish	049_unidentified_Osteobrama	1
ClaidentTutorial__Sample13__MiFish	015_unidentified_Smiliogastrinae	381
ClaidentTutorial__Sample13__MiFish	177_Nannoperca_obscura	344
ClaidentTutorial__Sample13__MiFish	144_unidentified_Gerres	341
ClaidentTutorial__Sample13__MiFish	112_unidentified_Lethrinus	302
ClaidentTutorial__Sample13__MiFish	149_Halichoeres_melanurus	299
ClaidentTutorial__Sample13__MiFish	012_Denticeps_clupeoides	274
ClaidentTutorial__Sample13__MiFish	038_Acentrogobius_caninus	254
ClaidentTutorial__Sample13__MiFish	013_Doryichthys_boaja	249
ClaidentTutorial__Sample13__MiFish	070_Pimelodus_pictus	249
ClaidentTutorial__Sample13__MiFish	004_Uranoscopus_cognatus	247
ClaidentTutorial__Sample13__MiFish	027_unidentified_Branchiostegus	245
ClaidentTutorial__Sample13__MiFish	007_Acentrogobius_pflaumii	241
ClaidentTutorial__Sample13__MiFish	071_Chilomycterus_reticulatus	223
ClaidentTutorial__Sample13__MiFish	016_unidentified_Rhaphiodontinae	219
ClaidentTutorial__Sample13__MiFish	044_unidentified_Siluroidei	218
ClaidentTutorial__Sample13__MiFish	014_Pristipomoides_multidens	217
ClaidentTutorial__Sample13__MiFish	006_Squalogadus_modificatus	214
ClaidentTutorial__Sample13__MiFish	017_unidentified_Gymnorhamphichthys	214
ClaidentTutorial__Sample13__MiFish	080_Oryzias_javanicus	214
ClaidentTutorial__Sample13__MiFish	010_unidentified_Centromochlinae	211
ClaidentTutorial__Sample13__MiFish	008_Rhinichthys_atratulus	208
ClaidentTutorial__Sample13__MiFish	037_unidentified_Glyptosterninae	201
ClaidentTutorial__Sample13__MiFish	021_unidentified_Gobionellinae	200
ClaidentTutorial__Sample13__MiFish	154_unidentified_Odacidae	199
ClaidentTutorial__Sample13__MiFish	003_Kaupichthys_hyoproroides	198
ClaidentTutorial__Sample13__MiFish	031_unidentified_Rasborinae	197
ClaidentTutorial__Sample13__MiFish	087_Acanthocepola_krusensternii	196
ClaidentTutorial__Sample13__MiFish	022_Hoplias_intermedius	194
ClaidentTutorial__Sample13__MiFish	026_unidentified_Poecilia	190
ClaidentTutorial__Sample13__MiFish	118_unidentified_Priacanthus	189
ClaidentTutorial__Sample13__MiFish	047_Poromitra_oscitans	183
ClaidentTutorial__Sample13__MiFish	005_unidentified_Eleotris	170
ClaidentTutorial__Sample13__MiFish	187_unidentified_Heniochus	168
ClaidentTutorial__Sample13__MiFish	046_unidentified_Paraplagusia	163
ClaidentTutorial__Sample13__MiFish	120_unidentified_Psilorhynchus	157
ClaidentTutorial__Sample13__MiFish	009_unidentified_Opsaridium	154
ClaidentTutorial__Sample13__MiFish	066_Schismatogobius_ampluvinculus	152
ClaidentTutorial__Sample13__MiFish	051_unidentified_Osteoglossiformes	150
ClaidentTutorial__Sample13__MiFish	002_unidentified_Euteleosteomorpha	146
ClaidentTutorial__Sample13__MiFish	033_Eumegistus_illustris	145
ClaidentTutorial__Sample13__MiFish	043_Bothus_pantherinus	144
ClaidentTutorial__Sample13__MiFish	029_unidentified_Callionymidae	143
ClaidentTutorial__Sample13__MiFish	139_unidentified_Ambassis	142
ClaidentTutorial__Sample13__MiFish	030_Amia_calva	140
ClaidentTutorial__Sample13__MiFish	011_unidentified_Pterois	139
ClaidentTutorial__Sample13__MiFish	040_Benthodesmus_tenuis	139
ClaidentTutorial__Sample13__MiFish	001_unidentified_Tetraodontidae	115
ClaidentTutorial__Sample13__MiFish	169_Crossorhombus_kobensis	106
ClaidentTutorial__Sample13__MiFish	025_unidentified_Characoidei	66
ClaidentTutorial__Sample13__MiFish	134_unidentified_Lophiodes	2
ClaidentTutorial__Sample13__MiFish	160_unidentified_Leptobotia	2
ClaidentTutorial__Sample14__MiFish	051_unidentified_Osteoglossiformes	398
ClaidentTutorial__Sample14__MiFish	134_unidentified_Lophiodes	338
ClaidentTutorial__Sample14__MiFish	115_Zanclus_cornutus	300
ClaidentTutorial__Sample14__MiFish	169_Crossorhombus_kobensis	273
ClaidentTutorial__Sample14__MiFish	012_Denticeps_clupeoides	268
ClaidentTutorial__Sample14__MiFish	084_Samariscus_latus	257
ClaidentTutorial__Sample14__MiFish	124_Lepidosiren_paradoxa	257
ClaidentTutorial__Sample14__MiFish	030_Amia_calva	254
ClaidentTutorial__Sample14__MiFish	041_unidentified_Triacanthidae	242
ClaidentTutorial__Sample14__MiFish	066_Schismatogobius_ampluvinculus	242
ClaidentTutorial__Sample14__MiFish	003_Kaupichthys_hyoproroides	238
ClaidentTutorial__Sample14__MiFish	161_Moringua_edwardsi	238
ClaidentTutorial__Sample14__MiFish	038_Acentrogobius_caninus	235
ClaidentTutorial__Sample14__MiFish	008_Rhinichthys_atratulus	228
ClaidentTutorial__Sample14__MiFish	027_unidentified_Branchiostegus	228
ClaidentTutorial__Sample14__MiFish	043_Bothus_pantherinus	223
ClaidentTutorial__Sample14__MiFish	040_Benthodesmus_tenuis	218
ClaidentTutorial__Sample14__MiFish	014_Pristipomoides_multidens	217
ClaidentTutorial__Sample14__MiFish	120_unidentified_Psilorhynchus	217
ClaidentTutorial__Sample14__MiFish	004_Uranoscopus_cognatus	214
ClaidentTutorial__Sample14__MiFish	046_unidentified_Paraplagusia	209
ClaidentTutorial__Sample14__MiFish	015_unidentified_Smiliogastrinae	206
ClaidentTutorial__Sample14__MiFish	080_Oryzias_javanicus	205
ClaidentTutorial__Sample14__MiFish	139_unidentified_Ambassis	202
ClaidentTutorial__Sample14__MiFish	010_unidentified_Centromochlinae	199
ClaidentTutorial__Sample14__MiFish	002_unidentified_Euteleosteomorpha	197
ClaidentTutorial__Sample14__MiFish	028_unidentified_Cyprinidae	196
ClaidentTutorial__Sample14__MiFish	005_unidentified_Eleotris	191
ClaidentTutorial__Sample14__MiFish	033_Eumegistus_illustris	187
ClaidentTutorial__Sample14__MiFish	025_unidentified_Characoidei	185
ClaidentTutorial__Sample14__MiFish	149_Halichoeres_melanurus	183
ClaidentTutorial__Sample14__MiFish	047_Poromitra_oscitans	182
ClaidentTutorial__Sample14__MiFish	016_unidentified_Rhaphiodontinae	181
ClaidentTutorial__Sample14__MiFish	029_unidentified_Callionymidae	166
ClaidentTutorial__Sample14__MiFish	026_unidentified_Poecilia	164
ClaidentTutorial__Sample14__MiFish	013_Doryichthys_boaja	163
ClaidentTutorial__Sample14__MiFish	071_Chilomycterus_reticulatus	162
ClaidentTutorial__Sample14__MiFish	006_Squalogadus_modificatus	160
ClaidentTutorial__Sample14__MiFish	112_unidentified_Lethrinus	157
ClaidentTutorial__Sample14__MiFish	001_unidentified_Tetraodontidae	156
ClaidentTutorial__Sample14__MiFish	144_unidentified_Gerres	156
ClaidentTutorial__Sample14__MiFish	017_unidentified_Gymnorhamphichthys	155
ClaidentTutorial__Sample14__MiFish	011_unidentified_Pterois	140
ClaidentTutorial__Sample14__MiFish	087_Acanthocepola_krusensternii	139
ClaidentTutorial__Sample14__MiFish	022_Hoplias_intermedius	138
ClaidentTutorial__Sample14__MiFish	007_Acentrogobius_pflaumii	131
ClaidentTutorial__Sample14__MiFish	031_unidentified_Rasborinae	108
ClaidentTutorial__Sample14__MiFish	222_unidentified_Galaxias	95
ClaidentTutorial__Sample14__MiFish	223_Hapalogenys_nigripinnis	73
ClaidentTutorial__Sample14__MiFish	113_Escualosa_thoracata	4
ClaidentTutorial__Sample14__MiFish	091_unidentified_Zebrias	2
ClaidentTutorial__Sample15__MiFish	173_Alosa_aestivalis	352
ClaidentTutorial__Sample15__MiFish	063_Lagocephalus_laevigatus	307
ClaidentTutorial__Sample15__MiFish	050_unidentified_Coilia	285
ClaidentTutorial__Sample15__MiFish	033_Eumegistus_illustris	277
ClaidentTutorial__Sample15__MiFish	056_unidentified_Centrolophidae	272
ClaidentTutorial__Sample15__MiFish	045_unidentified_Cobitoidei	271
ClaidentTutorial__Sample15__MiFish	061_unidentified_Aldrovandia	262
ClaidentTutorial__Sample15__MiFish	025_unidentified_Characoidei	256
ClaidentTutorial__Sample15__MiFish	043_Bothus_pantherinus	248
ClaidentTutorial__Sample15__MiFish	038_Acentrogobius_caninus	243
ClaidentTutorial__Sample15__MiFish	010_unidentified_Centromochlinae	242
ClaidentTutorial__Sample15__MiFish	017_unidentified_Gymnorhamphichthys	235
ClaidentTutorial__Sample15__MiFish	022_Hoplias_intermedius	225
ClaidentTutorial__Sample15__MiFish	112_unidentified_Lethrinus	219
ClaidentTutorial__Sample15__MiFish	014_Pristipomoides_multidens	218
ClaidentTutorial__Sample15__MiFish	134_unidentified_Lophiodes	217
ClaidentTutorial__Sample15__MiFish	008_Rhinichthys_atratulus	214
ClaidentTutorial__Sample15__MiFish	012_Denticeps_clupeoides	211
ClaidentTutorial__Sample15__MiFish	040_Benthodesmus_tenuis	211
ClaidentTutorial__Sample15__MiFish	004_Uranoscopus_cognatus	206
ClaidentTutorial__Sample15__MiFish	080_Oryzias_javanicus	204
ClaidentTutorial__Sample15__MiFish	001_unidentified_Tetraodontidae	200
ClaidentTutorial__Sample15__MiFish	005_unidentified_Eleotris	200
ClaidentTutorial__Sample15__MiFish	124_Lepidosiren_paradoxa	199
ClaidentTutorial__Sample15__MiFish	047_Poromitra_oscitans	197
ClaidentTutorial__Sample15__MiFish	002_unidentified_Euteleosteomorpha	195
ClaidentTutorial__Sample15__MiFish	051_unidentified_Osteoglossiformes	195
ClaidentTutorial__Sample15__MiFish	013_Doryichthys_boaja	192
ClaidentTutorial__Sample15__MiFish	071_Chilomycterus_reticulatus	190
ClaidentTutorial__Sample15__MiFish	029_unidentified_Callionymidae	183
ClaidentTutorial__Sample15__MiFish	003_Kaupichthys_hyoproroides	177
ClaidentTutorial__Sample15__MiFish	006_Squalogadus_modificatus	176
ClaidentTutorial__Sample15__MiFish	046_unidentified_Paraplagusia	176
ClaidentTutorial__Sample15__MiFish	139_unidentified_Ambassis	174
ClaidentTutorial__Sample15__MiFish	161_Moringua_edwardsi	174
ClaidentTutorial__Sample15__MiFish	026_unidentified_Poecilia	171
ClaidentTutorial__Sample15__MiFish	091_unidentified_Zebrias	171
ClaidentTutorial__Sample15__MiFish	041_unidentified_Triacanthidae	169
ClaidentTutorial__Sample15__MiFish	209_unidentified_Sardinella	168
ClaidentTutorial__Sample15__MiFish	066_Schismatogobius_ampluvinculus	167
ClaidentTutorial__Sample15__MiFish	007_Acentrogobius_pflaumii	162
ClaidentTutorial__Sample15__MiFish	087_Acanthocepola_krusensternii	154
ClaidentTutorial__Sample15__MiFish	028_unidentified_Cyprinidae	141
ClaidentTutorial__Sample15__MiFish	115_Zanclus_cornutus	139
ClaidentTutorial__Sample15__MiFish	015_unidentified_Smiliogastrinae	138
ClaidentTutorial__Sample15__MiFish	084_Samariscus_latus	133
ClaidentTutorial__Sample15__MiFish	031_unidentified_Rasborinae	126
ClaidentTutorial__Sample15__MiFish	075_unidentified_Bathyclupea	97
ClaidentTutorial__Sample15__MiFish	011_unidentified_Pterois	90
ClaidentTutorial__Sample15__MiFish	172_unidentified_Cyclopsetta	41
ClaidentTutorial__Sample15__MiFish	129_unidentified_Teleostei	2
ClaidentTutorial__Sample16__MiFish	002_unidentified_Euteleosteomorpha	684
ClaidentTutorial__Sample16__MiFish	069_Monopterus_albus	286
ClaidentTutorial__Sample16__MiFish	026_unidentified_Poecilia	282
ClaidentTutorial__Sample16__MiFish	128_Polyacanthonotus_rissoanus	275
ClaidentTutorial__Sample16__MiFish	106_unidentified_Umbra	273
ClaidentTutorial__Sample16__MiFish	109_Elassoma_zonatum	261
ClaidentTutorial__Sample16__MiFish	003_Kaupichthys_hyoproroides	259
ClaidentTutorial__Sample16__MiFish	010_unidentified_Centromochlinae	254
ClaidentTutorial__Sample16__MiFish	008_Rhinichthys_atratulus	247
ClaidentTutorial__Sample16__MiFish	066_Schismatogobius_ampluvinculus	247
ClaidentTutorial__Sample16__MiFish	071_Chilomycterus_reticulatus	243
ClaidentTutorial__Sample16__MiFish	148_unidentified_Echeneis	240
ClaidentTutorial__Sample16__MiFish	115_Zanclus_cornutus	225
ClaidentTutorial__Sample16__MiFish	028_unidentified_Cyprinidae	220
ClaidentTutorial__Sample16__MiFish	056_unidentified_Centrolophidae	219
ClaidentTutorial__Sample16__MiFish	063_Lagocephalus_laevigatus	217
ClaidentTutorial__Sample16__MiFish	091_unidentified_Zebrias	213
ClaidentTutorial__Sample16__MiFish	001_unidentified_Tetraodontidae	209
ClaidentTutorial__Sample16__MiFish	051_unidentified_Osteoglossiformes	204
ClaidentTutorial__Sample16__MiFish	043_Bothus_pantherinus	202
ClaidentTutorial__Sample16__MiFish	084_Samariscus_latus	202
ClaidentTutorial__Sample16__MiFish	004_Uranoscopus_cognatus	198
ClaidentTutorial__Sample16__MiFish	075_unidentified_Bathyclupea	198
ClaidentTutorial__Sample16__MiFish	080_Oryzias_javanicus	187
ClaidentTutorial__Sample16__MiFish	022_Hoplias_intermedius	184
ClaidentTutorial__Sample16__MiFish	012_Denticeps_clupeoides	183
ClaidentTutorial__Sample16__MiFish	015_unidentified_Smiliogastrinae	182
ClaidentTutorial__Sample16__MiFish	041_unidentified_Triacanthidae	182
ClaidentTutorial__Sample16__MiFish	033_Eumegistus_illustris	177
ClaidentTutorial__Sample16__MiFish	045_unidentified_Cobitoidei	174
ClaidentTutorial__Sample16__MiFish	014_Pristipomoides_multidens	170
ClaidentTutorial__Sample16__MiFish	124_Lepidosiren_paradoxa	169
ClaidentTutorial__Sample16__MiFish	082_unidentified_Brycon	167
ClaidentTutorial__Sample16__MiFish	038_Acentrogobius_caninus	165
ClaidentTutorial__Sample16__MiFish	046_unidentified_Paraplagusia	161
ClaidentTutorial__Sample16__MiFish	005_unidentified_Eleotris	159
ClaidentTutorial__Sample16__MiFish	083_unidentified_Bregmaceros	154
ClaidentTutorial__Sample16__MiFish	007_Acentrogobius_pflaumii	153
ClaidentTutorial__Sample16__MiFish	029_unidentified_Callionymidae	149
ClaidentTutorial__Sample16__MiFish	013_Doryichthys_boaja	147
ClaidentTutorial__Sample16__MiFish	025_unidentified_Characoidei	147
ClaidentTutorial__Sample16__MiFish	172_unidentified_Cyclopsetta	147
ClaidentTutorial__Sample16__MiFish	006_Squalogadus_modificatus	142
ClaidentTutorial__Sample16__MiFish	031_unidentified_Rasborinae	140
ClaidentTutorial__Sample16__MiFish	050_unidentified_Coilia	140
ClaidentTutorial__Sample16__MiFish	061_unidentified_Aldrovandia	138
ClaidentTutorial__Sample16__MiFish	047_Poromitra_oscitans	118
ClaidentTutorial__Sample16__MiFish	220_unidentified_Johnius	104
ClaidentTutorial__Sample16__MiFish	117_unidentified_Gobiinae	49
ClaidentTutorial__Sample16__MiFish	169_Crossorhombus_kobensis	2
ClaidentTutorial__Sample16__MiFish	129_unidentified_Teleostei	1
ClaidentTutorial__Sample17__MiFish	002_unidentified_Euteleosteomorpha	518
ClaidentTutorial__Sample17__MiFish	093_unidentified_Megaleporinus	401
ClaidentTutorial__Sample17__MiFish	142_Trypauchen_vagina	342
ClaidentTutorial__Sample17__MiFish	014_Pristipomoides_multidens	315
ClaidentTutorial__Sample17__MiFish	101_Brachyhypopomus_occidentalis	304
ClaidentTutorial__Sample17__MiFish	190_Chauliodus_sloani	298
ClaidentTutorial__Sample17__MiFish	022_Hoplias_intermedius	294
ClaidentTutorial__Sample17__MiFish	045_unidentified_Cobitoidei	287
ClaidentTutorial__Sample17__MiFish	010_unidentified_Centromochlinae	260
ClaidentTutorial__Sample17__MiFish	033_Eumegistus_illustris	255
ClaidentTutorial__Sample17__MiFish	148_unidentified_Echeneis	247
ClaidentTutorial__Sample17__MiFish	095_unidentified_Platax	243
ClaidentTutorial__Sample17__MiFish	113_Escualosa_thoracata	243
ClaidentTutorial__Sample17__MiFish	004_Uranoscopus_cognatus	236
ClaidentTutorial__Sample17__MiFish	012_Denticeps_clupeoides	229
ClaidentTutorial__Sample17__MiFish	013_Doryichthys_boaja	225
ClaidentTutorial__Sample17__MiFish	071_Chilomycterus_reticulatus	218
ClaidentTutorial__Sample17__MiFish	025_unidentified_Characoidei	217
ClaidentTutorial__Sample17__MiFish	061_unidentified_Aldrovandia	210
ClaidentTutorial__Sample17__MiFish	082_unidentified_Brycon	209
ClaidentTutorial__Sample17__MiFish	106_unidentified_Umbra	207
ClaidentTutorial__Sample17__MiFish	069_Monopterus_albus	196
ClaidentTutorial__Sample17__MiFish	008_Rhinichthys_atratulus	192
ClaidentTutorial__Sample17__MiFish	007_Acentrogobius_pflaumii	184
ClaidentTutorial__Sample17__MiFish	038_Acentrogobius_caninus	180
ClaidentTutorial__Sample17__MiFish	056_unidentified_Centrolophidae	180
ClaidentTutorial__Sample17__MiFish	026_unidentified_Poecilia	179
ClaidentTutorial__Sample17__MiFish	047_Poromitra_oscitans	176
ClaidentTutorial__Sample17__MiFish	128_Polyacanthonotus_rissoanus	173
ClaidentTutorial__Sample17__MiFish	075_unidentified_Bathyclupea	169
ClaidentTutorial__Sample17__MiFish	172_unidentified_Cyclopsetta	169
ClaidentTutorial__Sample17__MiFish	003_Kaupichthys_hyoproroides	167
ClaidentTutorial__Sample17__MiFish	041_unidentified_Triacanthidae	164
ClaidentTutorial__Sample17__MiFish	084_Samariscus_latus	156
ClaidentTutorial__Sample17__MiFish	050_unidentified_Coilia	153
ClaidentTutorial__Sample17__MiFish	051_unidentified_Osteoglossiformes	152
ClaidentTutorial__Sample17__MiFish	091_unidentified_Zebrias	146
ClaidentTutorial__Sample17__MiFish	031_unidentified_Rasborinae	138
ClaidentTutorial__Sample17__MiFish	096_Pseudorhombus_dupliciocellatus	132
ClaidentTutorial__Sample17__MiFish	005_unidentified_Eleotris	130
ClaidentTutorial__Sample17__MiFish	006_Squalogadus_modificatus	121
ClaidentTutorial__Sample17__MiFish	127_Callanthias_japonicus	120
ClaidentTutorial__Sample17__MiFish	028_unidentified_Cyprinidae	119
ClaidentTutorial__Sample17__MiFish	117_unidentified_Gobiinae	119
ClaidentTutorial__Sample17__MiFish	083_unidentified_Bregmaceros	117
ClaidentTutorial__Sample17__MiFish	119_Zeus_faber	117
ClaidentTutorial__Sample17__MiFish	109_Elassoma_zonatum	101
ClaidentTutorial__Sample17__MiFish	063_Lagocephalus_laevigatus	85
ClaidentTutorial__Sample17__MiFish	145_Nemipterus_bathybius	51
ClaidentTutorial__Sample18__MiFish	002_unidentified_Euteleosteomorpha	456
ClaidentTutorial__Sample18__MiFish	164_Phycodurus_eques	391
ClaidentTutorial__Sample18__MiFish	146_Diplophos_taenia	349
ClaidentTutorial__Sample18__MiFish	025_unidentified_Characoidei	314
ClaidentTutorial__Sample18__MiFish	044_unidentified_Siluroidei	288
ClaidentTutorial__Sample18__MiFish	127_Callanthias_japonicus	285
ClaidentTutorial__Sample18__MiFish	069_Monopterus_albus	281
ClaidentTutorial__Sample18__MiFish	005_unidentified_Eleotris	280
ClaidentTutorial__Sample18__MiFish	050_unidentified_Coilia	262
ClaidentTutorial__Sample18__MiFish	110_Psammoperca_waigiensis	258
ClaidentTutorial__Sample18__MiFish	095_unidentified_Platax	252
ClaidentTutorial__Sample18__MiFish	003_Kaupichthys_hyoproroides	245
ClaidentTutorial__Sample18__MiFish	105_Lateolabrax_latus	244
ClaidentTutorial__Sample18__MiFish	119_Zeus_faber	243
ClaidentTutorial__Sample18__MiFish	122_Hippocampus_mohnikei	237
ClaidentTutorial__Sample18__MiFish	106_unidentified_Umbra	236
ClaidentTutorial__Sample18__MiFish	096_Pseudorhombus_dupliciocellatus	226
ClaidentTutorial__Sample18__MiFish	061_unidentified_Aldrovandia	223
ClaidentTutorial__Sample18__MiFish	010_unidentified_Centromochlinae	220
ClaidentTutorial__Sample18__MiFish	116_Chanos_chanos	218
ClaidentTutorial__Sample18__MiFish	041_unidentified_Triacanthidae	204
ClaidentTutorial__Sample18__MiFish	093_unidentified_Megaleporinus	200
ClaidentTutorial__Sample18__MiFish	117_unidentified_Gobiinae	194
ClaidentTutorial__Sample18__MiFish	082_unidentified_Brycon	189
ClaidentTutorial__Sample18__MiFish	022_Hoplias_intermedius	183
ClaidentTutorial__Sample18__MiFish	056_unidentified_Centrolophidae	179
ClaidentTutorial__Sample18__MiFish	075_unidentified_Bathyclupea	179
ClaidentTutorial__Sample18__MiFish	083_unidentified_Bregmaceros	179
ClaidentTutorial__Sample18__MiFish	045_unidentified_Cobitoidei	172
ClaidentTutorial__Sample18__MiFish	129_unidentified_Teleostei	167
ClaidentTutorial__Sample18__MiFish	142_Trypauchen_vagina	164
ClaidentTutorial__Sample18__MiFish	084_Samariscus_latus	159
ClaidentTutorial__Sample18__MiFish	028_unidentified_Cyprinidae	155
ClaidentTutorial__Sample18__MiFish	026_unidentified_Poecilia	154
ClaidentTutorial__Sample18__MiFish	013_Doryichthys_boaja	150
ClaidentTutorial__Sample18__MiFish	004_Uranoscopus_cognatus	146
ClaidentTutorial__Sample18__MiFish	012_Denticeps_clupeoides	146
ClaidentTutorial__Sample18__MiFish	128_Polyacanthonotus_rissoanus	144
ClaidentTutorial__Sample18__MiFish	145_Nemipterus_bathybius	143
ClaidentTutorial__Sample18__MiFish	063_Lagocephalus_laevigatus	137
ClaidentTutorial__Sample18__MiFish	006_Squalogadus_modificatus	133
ClaidentTutorial__Sample18__MiFish	109_Elassoma_zonatum	127
ClaidentTutorial__Sample18__MiFish	170_unidentified_Ogcocephalidae	122
ClaidentTutorial__Sample18__MiFish	113_Escualosa_thoracata	119
ClaidentTutorial__Sample18__MiFish	033_Eumegistus_illustris	115
ClaidentTutorial__Sample18__MiFish	101_Brachyhypopomus_occidentalis	113
ClaidentTutorial__Sample18__MiFish	091_unidentified_Zebrias	109
ClaidentTutorial__Sample18__MiFish	008_Rhinichthys_atratulus	95
ClaidentTutorial__Sample18__MiFish	150_Henicorhynchus_siamensis	64
ClaidentTutorial__Sample18__MiFish	139_unidentified_Ambassis	3
ClaidentTutorial__Sample19__MiFish	002_unidentified_Euteleosteomorpha	435
ClaidentTutorial__Sample19__MiFish	163_unidentified_Pseudogobius	400
ClaidentTutorial__Sample19__MiFish	130_unidentified_Acropomatiformes	374
ClaidentTutorial__Sample19__MiFish	143_unidentified_Microphysogobio	317
ClaidentTutorial__Sample19__MiFish	095_unidentified_Platax	307
ClaidentTutorial__Sample19__MiFish	157_Mastacembelus_armatus	261
ClaidentTutorial__Sample19__MiFish	022_Hoplias_intermedius	251
ClaidentTutorial__Sample19__MiFish	170_unidentified_Ogcocephalidae	251
ClaidentTutorial__Sample19__MiFish	083_unidentified_Bregmaceros	238
ClaidentTutorial__Sample19__MiFish	041_unidentified_Triacanthidae	237
ClaidentTutorial__Sample19__MiFish	168_unidentified_Crenimugil	237
ClaidentTutorial__Sample19__MiFish	122_Hippocampus_mohnikei	235
ClaidentTutorial__Sample19__MiFish	110_Psammoperca_waigiensis	233
ClaidentTutorial__Sample19__MiFish	116_Chanos_chanos	231
ClaidentTutorial__Sample19__MiFish	160_unidentified_Leptobotia	227
ClaidentTutorial__Sample19__MiFish	150_Henicorhynchus_siamensis	222
ClaidentTutorial__Sample19__MiFish	045_unidentified_Cobitoidei	220
ClaidentTutorial__Sample19__MiFish	082_unidentified_Brycon	215
ClaidentTutorial__Sample19__MiFish	093_unidentified_Megaleporinus	215
ClaidentTutorial__Sample19__MiFish	109_Elassoma_zonatum	209
ClaidentTutorial__Sample19__MiFish	091_unidentified_Zebrias	208
ClaidentTutorial__Sample19__MiFish	096_Pseudorhombus_dupliciocellatus	202
ClaidentTutorial__Sample19__MiFish	105_Lateolabrax_latus	202
ClaidentTutorial__Sample19__MiFish	008_Rhinichthys_atratulus	200
ClaidentTutorial__Sample19__MiFish	006_Squalogadus_modificatus	197
ClaidentTutorial__Sample19__MiFish	127_Callanthias_japonicus	192
ClaidentTutorial__Sample19__MiFish	050_unidentified_Coilia	188
ClaidentTutorial__Sample19__MiFish	033_Eumegistus_illustris	187
ClaidentTutorial__Sample19__MiFish	005_unidentified_Eleotris	180
ClaidentTutorial__Sample19__MiFish	063_Lagocephalus_laevigatus	175
ClaidentTutorial__Sample19__MiFish	145_Nemipterus_bathybius	175
ClaidentTutorial__Sample19__MiFish	025_unidentified_Characoidei	171
ClaidentTutorial__Sample19__MiFish	012_Denticeps_clupeoides	170
ClaidentTutorial__Sample19__MiFish	044_unidentified_Siluroidei	165
ClaidentTutorial__Sample19__MiFish	075_unidentified_Bathyclupea	161
ClaidentTutorial__Sample19__MiFish	129_unidentified_Teleostei	159
ClaidentTutorial__Sample19__MiFish	056_unidentified_Centrolophidae	158
ClaidentTutorial__Sample19__MiFish	061_unidentified_Aldrovandia	154
ClaidentTutorial__Sample19__MiFish	189_Eucyclogobius_newberryi	149
ClaidentTutorial__Sample19__MiFish	146_Diplophos_taenia	143
ClaidentTutorial__Sample19__MiFish	162_unidentified_Oryzias	136
ClaidentTutorial__Sample19__MiFish	028_unidentified_Cyprinidae	126
ClaidentTutorial__Sample19__MiFish	119_Zeus_faber	122
ClaidentTutorial__Sample19__MiFish	117_unidentified_Gobiinae	120
ClaidentTutorial__Sample19__MiFish	101_Brachyhypopomus_occidentalis	114
ClaidentTutorial__Sample19__MiFish	113_Escualosa_thoracata	113
ClaidentTutorial__Sample19__MiFish	069_Monopterus_albus	109
ClaidentTutorial__Sample19__MiFish	174_Scolopsis_vosmeri	99
ClaidentTutorial__Sample19__MiFish	225_Pseudolabrus_eoethinus	44
ClaidentTutorial__Sample19__MiFish	015_unidentified_Smiliogastrinae	3
ClaidentTutorial__Sample19__MiFish	112_unidentified_Lethrinus	3
ClaidentTutorial__Sample19__MiFish	149_Halichoeres_melanurus	1
ClaidentTutorial__Sample20__MiFish	002_unidentified_Euteleosteomorpha	400
ClaidentTutorial__Sample20__MiFish	178_Bodianus_oxycephalus	341
ClaidentTutorial__Sample20__MiFish	179_unidentified_Anarhichas	335
ClaidentTutorial__Sample20__MiFish	183_unidentified_Champsocephalus	324
ClaidentTutorial__Sample20__MiFish	188_Cynoglossus_quadrilineatus	300
ClaidentTutorial__Sample20__MiFish	105_Lateolabrax_latus	283
ClaidentTutorial__Sample20__MiFish	162_unidentified_Oryzias	269
ClaidentTutorial__Sample20__MiFish	129_unidentified_Teleostei	257
ClaidentTutorial__Sample20__MiFish	025_unidentified_Characoidei	255
ClaidentTutorial__Sample20__MiFish	008_Rhinichthys_atratulus	253
ClaidentTutorial__Sample20__MiFish	174_Scolopsis_vosmeri	253
ClaidentTutorial__Sample20__MiFish	083_unidentified_Bregmaceros	232
ClaidentTutorial__Sample20__MiFish	202_unidentified_Trichiurus	228
ClaidentTutorial__Sample20__MiFish	044_unidentified_Siluroidei	227
ClaidentTutorial__Sample20__MiFish	096_Pseudorhombus_dupliciocellatus	227
ClaidentTutorial__Sample20__MiFish	101_Brachyhypopomus_occidentalis	217
ClaidentTutorial__Sample20__MiFish	116_Chanos_chanos	215
ClaidentTutorial__Sample20__MiFish	012_Denticeps_clupeoides	209
ClaidentTutorial__Sample20__MiFish	022_Hoplias_intermedius	209
ClaidentTutorial__Sample20__MiFish	063_Lagocephalus_laevigatus	209
ClaidentTutorial__Sample20__MiFish	033_Eumegistus_illustris	204
ClaidentTutorial__Sample20__MiFish	130_unidentified_Acropomatiformes	199
ClaidentTutorial__Sample20__MiFish	113_Escualosa_thoracata	195
ClaidentTutorial__Sample20__MiFish	045_unidentified_Cobitoidei	193
ClaidentTutorial__Sample20__MiFish	110_Psammoperca_waigiensis	192
ClaidentTutorial__Sample20__MiFish	150_Henicorhynchus_siamensis	192
ClaidentTutorial__Sample20__MiFish	160_unidentified_Leptobotia	191
ClaidentTutorial__Sample20__MiFish	069_Monopterus_albus	189
ClaidentTutorial__Sample20__MiFish	143_unidentified_Microphysogobio	187
ClaidentTutorial__Sample20__MiFish	117_unidentified_Gobiinae	180
ClaidentTutorial__Sample20__MiFish	050_unidentified_Coilia	178
ClaidentTutorial__Sample20__MiFish	056_unidentified_Centrolophidae	177
ClaidentTutorial__Sample20__MiFish	075_unidentified_Bathyclupea	176
ClaidentTutorial__Sample20__MiFish	041_unidentified_Triacanthidae	173
ClaidentTutorial__Sample20__MiFish	119_Zeus_faber	172
ClaidentTutorial__Sample20__MiFish	157_Mastacembelus_armatus	172
ClaidentTutorial__Sample20__MiFish	122_Hippocampus_mohnikei	167
ClaidentTutorial__Sample20__MiFish	082_unidentified_Brycon	150
ClaidentTutorial__Sample20__MiFish	168_unidentified_Crenimugil	150
ClaidentTutorial__Sample20__MiFish	189_Eucyclogobius_newberryi	150
ClaidentTutorial__Sample20__MiFish	061_unidentified_Aldrovandia	148
ClaidentTutorial__Sample20__MiFish	211_Bolbometopon_muricatum	148
ClaidentTutorial__Sample20__MiFish	006_Squalogadus_modificatus	127
ClaidentTutorial__Sample20__MiFish	145_Nemipterus_bathybius	125
ClaidentTutorial__Sample20__MiFish	005_unidentified_Eleotris	120
ClaidentTutorial__Sample20__MiFish	218_Triplophysa_yarkandensis	116
ClaidentTutorial__Sample20__MiFish	221_Exyrias_puntang	103
ClaidentTutorial__Sample20__MiFish	224_unidentified_Gonorynchus	50
ClaidentTutorial__Sample20__MiFish	051_unidentified_Osteoglossiformes	2
ClaidentTutorial__Sample20__MiFish	071_Chilomycterus_reticulatus	1
ClaidentTutorial__Sample20__MiFish	115_Zanclus_cornutus	1
